0.0241187,400x400,scene_10,2,sequential
0.0246181,400x400,scene_10,2,sequential
0.024144,400x400,scene_10,2,sequential
0.0280005,400x400,scene_10,2,sequential
0.0241034,400x400,scene_10,2,sequential
0.0245099,400x400,scene_10,2,sequential
0.0243214,400x400,scene_10,2,sequential
0.0241965,400x400,scene_10,2,sequential
0.0244019,400x400,scene_10,2,sequential
0.0243036,400x400,scene_10,2,sequential
0.000825184,400x400,scene_10,2,cuda_sync
0.000444928,400x400,scene_10,2,cuda_sync
0.00045952,400x400,scene_10,2,cuda_sync
0.000542464,400x400,scene_10,2,cuda_sync
0.000500512,400x400,scene_10,2,cuda_sync
0.000495744,400x400,scene_10,2,cuda_sync
0.000453376,400x400,scene_10,2,cuda_sync
0.000454496,400x400,scene_10,2,cuda_sync
0.00044592,400x400,scene_10,2,cuda_sync
0.000487456,400x400,scene_10,2,cuda_sync
0.00062144,400x400,scene_10,2,cuda_unified
0.00011264,400x400,scene_10,2,cuda_unified
0.000111616,400x400,scene_10,2,cuda_unified
0.000113664,400x400,scene_10,2,cuda_unified
0.000113664,400x400,scene_10,2,cuda_unified
0.00011264,400x400,scene_10,2,cuda_unified
0.000113664,400x400,scene_10,2,cuda_unified
0.000113664,400x400,scene_10,2,cuda_unified
0.000134144,400x400,scene_10,2,cuda_unified
0.000115712,400x400,scene_10,2,cuda_unified
0.0564298,600x600,scene_10,2,sequential
0.058374,600x600,scene_10,2,sequential
0.0518699,600x600,scene_10,2,sequential
0.0528059,600x600,scene_10,2,sequential
0.052201,600x600,scene_10,2,sequential
0.0542068,600x600,scene_10,2,sequential
0.0537261,600x600,scene_10,2,sequential
0.0523102,600x600,scene_10,2,sequential
0.0532886,600x600,scene_10,2,sequential
0.053241,600x600,scene_10,2,sequential
0.00169725,600x600,scene_10,2,cuda_sync
0.0009184,600x600,scene_10,2,cuda_sync
0.000959328,600x600,scene_10,2,cuda_sync
0.000947264,600x600,scene_10,2,cuda_sync
0.000897536,600x600,scene_10,2,cuda_sync
0.00126746,600x600,scene_10,2,cuda_sync
0.0018584,600x600,scene_10,2,cuda_sync
0.00104246,600x600,scene_10,2,cuda_sync
0.000891008,600x600,scene_10,2,cuda_sync
0.00087776,600x600,scene_10,2,cuda_sync
0.000974848,600x600,scene_10,2,cuda_unified
0.000227264,600x600,scene_10,2,cuda_unified
0.000226304,600x600,scene_10,2,cuda_unified
0.000226528,600x600,scene_10,2,cuda_unified
0.000226304,600x600,scene_10,2,cuda_unified
0.000227168,600x600,scene_10,2,cuda_unified
0.000226016,600x600,scene_10,2,cuda_unified
0.000226304,600x600,scene_10,2,cuda_unified
0.000227296,600x600,scene_10,2,cuda_unified
0.000226304,600x600,scene_10,2,cuda_unified
0.100073,800x800,scene_10,2,sequential
0.0980816,800x800,scene_10,2,sequential
0.0967331,800x800,scene_10,2,sequential
0.0917455,800x800,scene_10,2,sequential
0.0906777,800x800,scene_10,2,sequential
0.0953415,800x800,scene_10,2,sequential
0.0953828,800x800,scene_10,2,sequential
0.0948528,800x800,scene_10,2,sequential
0.0953588,800x800,scene_10,2,sequential
0.0954798,800x800,scene_10,2,sequential
0.00295597,800x800,scene_10,2,cuda_sync
0.00170186,800x800,scene_10,2,cuda_sync
0.00163338,800x800,scene_10,2,cuda_sync
0.00190346,800x800,scene_10,2,cuda_sync
0.00228778,800x800,scene_10,2,cuda_sync
0.00151878,800x800,scene_10,2,cuda_sync
0.00147635,800x800,scene_10,2,cuda_sync
0.0015096,800x800,scene_10,2,cuda_sync
0.00172906,800x800,scene_10,2,cuda_sync
0.00262067,800x800,scene_10,2,cuda_sync
0.00195088,800x800,scene_10,2,cuda_unified
0.000395264,800x800,scene_10,2,cuda_unified
0.00039424,800x800,scene_10,2,cuda_unified
0.000390144,800x800,scene_10,2,cuda_unified
0.000397472,800x800,scene_10,2,cuda_unified
0.000391168,800x800,scene_10,2,cuda_unified
0.00038896,800x800,scene_10,2,cuda_unified
0.00038912,800x800,scene_10,2,cuda_unified
0.00038992,800x800,scene_10,2,cuda_unified
0.00038832,800x800,scene_10,2,cuda_unified
0.148764,1000x1000,scene_10,2,sequential
0.157608,1000x1000,scene_10,2,sequential
0.151951,1000x1000,scene_10,2,sequential
0.152131,1000x1000,scene_10,2,sequential
0.1512,1000x1000,scene_10,2,sequential
0.15271,1000x1000,scene_10,2,sequential
0.151551,1000x1000,scene_10,2,sequential
0.151884,1000x1000,scene_10,2,sequential
0.148029,1000x1000,scene_10,2,sequential
0.152622,1000x1000,scene_10,2,sequential
0.00469581,1000x1000,scene_10,2,cuda_sync
0.00269814,1000x1000,scene_10,2,cuda_sync
0.00247626,1000x1000,scene_10,2,cuda_sync
0.00344106,1000x1000,scene_10,2,cuda_sync
0.00235699,1000x1000,scene_10,2,cuda_sync
0.00236749,1000x1000,scene_10,2,cuda_sync
0.00239965,1000x1000,scene_10,2,cuda_sync
0.0032607,1000x1000,scene_10,2,cuda_sync
0.00256506,1000x1000,scene_10,2,cuda_sync
0.00240614,1000x1000,scene_10,2,cuda_sync
0.00202442,1000x1000,scene_10,2,cuda_unified
0.000709632,1000x1000,scene_10,2,cuda_unified
0.000710464,1000x1000,scene_10,2,cuda_unified
0.0007064,1000x1000,scene_10,2,cuda_unified
0.00070544,1000x1000,scene_10,2,cuda_unified
0.000705568,1000x1000,scene_10,2,cuda_unified
0.000704672,1000x1000,scene_10,2,cuda_unified
0.000704512,1000x1000,scene_10,2,cuda_unified
0.000704512,1000x1000,scene_10,2,cuda_unified
0.00071168,1000x1000,scene_10,2,cuda_unified
0.386583,1600x1600,scene_10,2,sequential
0.382451,1600x1600,scene_10,2,sequential
0.381392,1600x1600,scene_10,2,sequential
0.381684,1600x1600,scene_10,2,sequential
0.385934,1600x1600,scene_10,2,sequential
0.377622,1600x1600,scene_10,2,sequential
0.378032,1600x1600,scene_10,2,sequential
0.380714,1600x1600,scene_10,2,sequential
0.385001,1600x1600,scene_10,2,sequential
0.385337,1600x1600,scene_10,2,sequential
0.0115701,1600x1600,scene_10,2,cuda_sync
0.00734122,1600x1600,scene_10,2,cuda_sync
0.0062664,1600x1600,scene_10,2,cuda_sync
0.00728605,1600x1600,scene_10,2,cuda_sync
0.00765571,1600x1600,scene_10,2,cuda_sync
0.00765478,1600x1600,scene_10,2,cuda_sync
0.0076817,1600x1600,scene_10,2,cuda_sync
0.00756006,1600x1600,scene_10,2,cuda_sync
0.00762182,1600x1600,scene_10,2,cuda_sync
0.00711267,1600x1600,scene_10,2,cuda_sync
0.0032768,1600x1600,scene_10,2,cuda_unified
0.00128819,1600x1600,scene_10,2,cuda_unified
0.00128819,1600x1600,scene_10,2,cuda_unified
0.0012935,1600x1600,scene_10,2,cuda_unified
0.00129638,1600x1600,scene_10,2,cuda_unified
0.00129526,1600x1600,scene_10,2,cuda_unified
0.00128819,1600x1600,scene_10,2,cuda_unified
0.00128614,1600x1600,scene_10,2,cuda_unified
0.00128717,1600x1600,scene_10,2,cuda_unified
0.00129024,1600x1600,scene_10,2,cuda_unified
1.54634,3200x3200,scene_10,2,sequential
1.55647,3200x3200,scene_10,2,sequential
1.5439,3200x3200,scene_10,2,sequential
1.58037,3200x3200,scene_10,2,sequential
1.57282,3200x3200,scene_10,2,sequential
1.58014,3200x3200,scene_10,2,sequential
1.57212,3200x3200,scene_10,2,sequential
1.57181,3200x3200,scene_10,2,sequential
1.57573,3200x3200,scene_10,2,sequential
1.54986,3200x3200,scene_10,2,sequential
0.046421,3200x3200,scene_10,2,cuda_sync
0.0250708,3200x3200,scene_10,2,cuda_sync
0.0248926,3200x3200,scene_10,2,cuda_sync
0.0251543,3200x3200,scene_10,2,cuda_sync
0.0246913,3200x3200,scene_10,2,cuda_sync
0.0250335,3200x3200,scene_10,2,cuda_sync
0.0247969,3200x3200,scene_10,2,cuda_sync
0.0248914,3200x3200,scene_10,2,cuda_sync
0.024621,3200x3200,scene_10,2,cuda_sync
0.0227765,3200x3200,scene_10,2,cuda_sync
0.0101652,3200x3200,scene_10,2,cuda_unified
0.00467763,3200x3200,scene_10,2,cuda_unified
0.00466944,3200x3200,scene_10,2,cuda_unified
0.00466336,3200x3200,scene_10,2,cuda_unified
0.00466432,3200x3200,scene_10,2,cuda_unified
0.00468787,3200x3200,scene_10,2,cuda_unified
0.00466637,3200x3200,scene_10,2,cuda_unified
0.00468282,3200x3200,scene_10,2,cuda_unified
0.00467763,3200x3200,scene_10,2,cuda_unified
0.00466237,3200x3200,scene_10,2,cuda_unified
0.0305808,400x400,scene_1,4,sequential
0.0313632,400x400,scene_1,4,sequential
0.0311251,400x400,scene_1,4,sequential
0.0328488,400x400,scene_1,4,sequential
0.0293237,400x400,scene_1,4,sequential
0.0302481,400x400,scene_1,4,sequential
0.0299656,400x400,scene_1,4,sequential
0.0306371,400x400,scene_1,4,sequential
0.0308214,400x400,scene_1,4,sequential
0.030594,400x400,scene_1,4,sequential
0.000974432,400x400,scene_1,4,cuda_sync
0.000454816,400x400,scene_1,4,cuda_sync
0.000456,400x400,scene_1,4,cuda_sync
0.000517888,400x400,scene_1,4,cuda_sync
0.00052528,400x400,scene_1,4,cuda_sync
0.00053072,400x400,scene_1,4,cuda_sync
0.00044928,400x400,scene_1,4,cuda_sync
0.0004528,400x400,scene_1,4,cuda_sync
0.000581344,400x400,scene_1,4,cuda_sync
0.000926464,400x400,scene_1,4,cuda_sync
0.000679168,400x400,scene_1,4,cuda_unified
0.000101376,400x400,scene_1,4,cuda_unified
0.000100608,400x400,scene_1,4,cuda_unified
0.000102208,400x400,scene_1,4,cuda_unified
0.000101376,400x400,scene_1,4,cuda_unified
9.9552e-05,400x400,scene_1,4,cuda_unified
0.000100352,400x400,scene_1,4,cuda_unified
0.000100512,400x400,scene_1,4,cuda_unified
0.000100352,400x400,scene_1,4,cuda_unified
9.9488e-05,400x400,scene_1,4,cuda_unified
0.0700262,600x600,scene_1,4,sequential
0.0712303,600x600,scene_1,4,sequential
0.0697793,600x600,scene_1,4,sequential
0.0701066,600x600,scene_1,4,sequential
0.0696235,600x600,scene_1,4,sequential
0.0694129,600x600,scene_1,4,sequential
0.0694148,600x600,scene_1,4,sequential
0.0694527,600x600,scene_1,4,sequential
0.0705939,600x600,scene_1,4,sequential
0.0698955,600x600,scene_1,4,sequential
0.00169587,600x600,scene_1,4,cuda_sync
0.000953504,600x600,scene_1,4,cuda_sync
0.000992544,600x600,scene_1,4,cuda_sync
0.000915168,600x600,scene_1,4,cuda_sync
0.000878304,600x600,scene_1,4,cuda_sync
0.000903904,600x600,scene_1,4,cuda_sync
0.000844448,600x600,scene_1,4,cuda_sync
0.000849952,600x600,scene_1,4,cuda_sync
0.00086288,600x600,scene_1,4,cuda_sync
0.00105834,600x600,scene_1,4,cuda_sync
0.00119808,600x600,scene_1,4,cuda_unified
0.000207648,600x600,scene_1,4,cuda_unified
0.000206848,600x600,scene_1,4,cuda_unified
0.000205824,600x600,scene_1,4,cuda_unified
0.000205792,600x600,scene_1,4,cuda_unified
0.00021008,600x600,scene_1,4,cuda_unified
0.000210944,600x600,scene_1,4,cuda_unified
0.000205824,600x600,scene_1,4,cuda_unified
0.000205056,600x600,scene_1,4,cuda_unified
0.000206848,600x600,scene_1,4,cuda_unified
0.122933,800x800,scene_1,4,sequential
0.125023,800x800,scene_1,4,sequential
0.118665,800x800,scene_1,4,sequential
0.120505,800x800,scene_1,4,sequential
0.119366,800x800,scene_1,4,sequential
0.120719,800x800,scene_1,4,sequential
0.120738,800x800,scene_1,4,sequential
0.120872,800x800,scene_1,4,sequential
0.12091,800x800,scene_1,4,sequential
0.120977,800x800,scene_1,4,sequential
0.00282029,800x800,scene_1,4,cuda_sync
0.00158077,800x800,scene_1,4,cuda_sync
0.00154051,800x800,scene_1,4,cuda_sync
0.00229626,800x800,scene_1,4,cuda_sync
0.00177037,800x800,scene_1,4,cuda_sync
0.00146874,800x800,scene_1,4,cuda_sync
0.00163894,800x800,scene_1,4,cuda_sync
0.00255402,800x800,scene_1,4,cuda_sync
0.00146432,800x800,scene_1,4,cuda_sync
0.00144003,800x800,scene_1,4,cuda_sync
0.00148605,800x800,scene_1,4,cuda_unified
0.000345088,800x800,scene_1,4,cuda_unified
0.00034304,800x800,scene_1,4,cuda_unified
0.000344832,800x800,scene_1,4,cuda_unified
0.000366496,800x800,scene_1,4,cuda_unified
0.000361472,800x800,scene_1,4,cuda_unified
0.000347136,800x800,scene_1,4,cuda_unified
0.000344032,800x800,scene_1,4,cuda_unified
0.000343232,800x800,scene_1,4,cuda_unified
0.000344064,800x800,scene_1,4,cuda_unified
0.199186,1000x1000,scene_1,4,sequential
0.202909,1000x1000,scene_1,4,sequential
0.193077,1000x1000,scene_1,4,sequential
0.195668,1000x1000,scene_1,4,sequential
0.196643,1000x1000,scene_1,4,sequential
0.196568,1000x1000,scene_1,4,sequential
0.193872,1000x1000,scene_1,4,sequential
0.196248,1000x1000,scene_1,4,sequential
0.188963,1000x1000,scene_1,4,sequential
0.196993,1000x1000,scene_1,4,sequential
0.00484368,1000x1000,scene_1,4,cuda_sync
0.00347779,1000x1000,scene_1,4,cuda_sync
0.00292797,1000x1000,scene_1,4,cuda_sync
0.00300941,1000x1000,scene_1,4,cuda_sync
0.00266038,1000x1000,scene_1,4,cuda_sync
0.0031177,1000x1000,scene_1,4,cuda_sync
0.00239971,1000x1000,scene_1,4,cuda_sync
0.00305258,1000x1000,scene_1,4,cuda_sync
0.00280045,1000x1000,scene_1,4,cuda_sync
0.0023969,1000x1000,scene_1,4,cuda_sync
0.00161997,1000x1000,scene_1,4,cuda_unified
0.000704256,1000x1000,scene_1,4,cuda_unified
0.000704608,1000x1000,scene_1,4,cuda_unified
0.000704512,1000x1000,scene_1,4,cuda_unified
0.000703488,1000x1000,scene_1,4,cuda_unified
0.00070352,1000x1000,scene_1,4,cuda_unified
0.000703488,1000x1000,scene_1,4,cuda_unified
0.000703488,1000x1000,scene_1,4,cuda_unified
0.000713728,1000x1000,scene_1,4,cuda_unified
0.00070656,1000x1000,scene_1,4,cuda_unified
0.503458,1600x1600,scene_1,4,sequential
0.50847,1600x1600,scene_1,4,sequential
0.506426,1600x1600,scene_1,4,sequential
0.50807,1600x1600,scene_1,4,sequential
0.511013,1600x1600,scene_1,4,sequential
0.509088,1600x1600,scene_1,4,sequential
0.50858,1600x1600,scene_1,4,sequential
0.50957,1600x1600,scene_1,4,sequential
0.506579,1600x1600,scene_1,4,sequential
0.495203,1600x1600,scene_1,4,sequential
0.0118727,1600x1600,scene_1,4,cuda_sync
0.00617693,1600x1600,scene_1,4,cuda_sync
0.00699133,1600x1600,scene_1,4,cuda_sync
0.00754739,1600x1600,scene_1,4,cuda_sync
0.00745178,1600x1600,scene_1,4,cuda_sync
0.00614874,1600x1600,scene_1,4,cuda_sync
0.00628506,1600x1600,scene_1,4,cuda_sync
0.0073929,1600x1600,scene_1,4,cuda_sync
0.00753322,1600x1600,scene_1,4,cuda_sync
0.00763907,1600x1600,scene_1,4,cuda_sync
0.00368429,1600x1600,scene_1,4,cuda_unified
0.00161894,1600x1600,scene_1,4,cuda_unified
0.00161792,1600x1600,scene_1,4,cuda_unified
0.00161587,1600x1600,scene_1,4,cuda_unified
0.00161792,1600x1600,scene_1,4,cuda_unified
0.00161584,1600x1600,scene_1,4,cuda_unified
0.00161488,1600x1600,scene_1,4,cuda_unified
0.0016384,1600x1600,scene_1,4,cuda_unified
0.00161587,1600x1600,scene_1,4,cuda_unified
0.00161587,1600x1600,scene_1,4,cuda_unified
1.98552,3200x3200,scene_1,4,sequential
1.99734,3200x3200,scene_1,4,sequential
1.99037,3200x3200,scene_1,4,sequential
1.96275,3200x3200,scene_1,4,sequential
1.96037,3200x3200,scene_1,4,sequential
1.96238,3200x3200,scene_1,4,sequential
1.99392,3200x3200,scene_1,4,sequential
1.9943,3200x3200,scene_1,4,sequential
1.98865,3200x3200,scene_1,4,sequential
1.95453,3200x3200,scene_1,4,sequential
0.0444497,3200x3200,scene_1,4,cuda_sync
0.0249946,3200x3200,scene_1,4,cuda_sync
0.0249729,3200x3200,scene_1,4,cuda_sync
0.0255926,3200x3200,scene_1,4,cuda_sync
0.0251355,3200x3200,scene_1,4,cuda_sync
0.0248755,3200x3200,scene_1,4,cuda_sync
0.0250238,3200x3200,scene_1,4,cuda_sync
0.0248539,3200x3200,scene_1,4,cuda_sync
0.0256754,3200x3200,scene_1,4,cuda_sync
0.0235843,3200x3200,scene_1,4,cuda_sync
0.0103924,3200x3200,scene_1,4,cuda_unified
0.00468608,3200x3200,scene_1,4,cuda_unified
0.00467584,3200x3200,scene_1,4,cuda_unified
0.00468685,3200x3200,scene_1,4,cuda_unified
0.00469187,3200x3200,scene_1,4,cuda_unified
0.00468582,3200x3200,scene_1,4,cuda_unified
0.00468173,3200x3200,scene_1,4,cuda_unified
0.00467558,3200x3200,scene_1,4,cuda_unified
0.0046696,3200x3200,scene_1,4,cuda_unified
0.00466922,3200x3200,scene_1,4,cuda_unified
0.0251619,400x400,scene_2,3,sequential
0.0269693,400x400,scene_2,3,sequential
0.0276707,400x400,scene_2,3,sequential
0.0273626,400x400,scene_2,3,sequential
0.0276697,400x400,scene_2,3,sequential
0.0309846,400x400,scene_2,3,sequential
0.0260967,400x400,scene_2,3,sequential
0.0275551,400x400,scene_2,3,sequential
0.0283764,400x400,scene_2,3,sequential
0.0287763,400x400,scene_2,3,sequential
0.00087904,400x400,scene_2,3,cuda_sync
0.00044768,400x400,scene_2,3,cuda_sync
0.000461568,400x400,scene_2,3,cuda_sync
0.000503104,400x400,scene_2,3,cuda_sync
0.000478816,400x400,scene_2,3,cuda_sync
0.000504032,400x400,scene_2,3,cuda_sync
0.000465152,400x400,scene_2,3,cuda_sync
0.000455584,400x400,scene_2,3,cuda_sync
0.000468096,400x400,scene_2,3,cuda_sync
0.00069584,400x400,scene_2,3,cuda_sync
0.00073184,400x400,scene_2,3,cuda_unified
9.3248e-05,400x400,scene_2,3,cuda_unified
9.216e-05,400x400,scene_2,3,cuda_unified
9.2288e-05,400x400,scene_2,3,cuda_unified
9.2128e-05,400x400,scene_2,3,cuda_unified
9.216e-05,400x400,scene_2,3,cuda_unified
9.216e-05,400x400,scene_2,3,cuda_unified
9.216e-05,400x400,scene_2,3,cuda_unified
9.2256e-05,400x400,scene_2,3,cuda_unified
9.296e-05,400x400,scene_2,3,cuda_unified
0.0671803,600x600,scene_2,3,sequential
0.061442,600x600,scene_2,3,sequential
0.0600203,600x600,scene_2,3,sequential
0.0617587,600x600,scene_2,3,sequential
0.0619734,600x600,scene_2,3,sequential
0.0622015,600x600,scene_2,3,sequential
0.0622885,600x600,scene_2,3,sequential
0.0619953,600x600,scene_2,3,sequential
0.0620645,600x600,scene_2,3,sequential
0.0620213,600x600,scene_2,3,sequential
0.00165568,600x600,scene_2,3,cuda_sync
0.000908032,600x600,scene_2,3,cuda_sync
0.000975232,600x600,scene_2,3,cuda_sync
0.000976896,600x600,scene_2,3,cuda_sync
0.000896768,600x600,scene_2,3,cuda_sync
0.000838176,600x600,scene_2,3,cuda_sync
0.00088448,600x600,scene_2,3,cuda_sync
0.0008632,600x600,scene_2,3,cuda_sync
0.000989536,600x600,scene_2,3,cuda_sync
0.0010649,600x600,scene_2,3,cuda_sync
0.0010793,600x600,scene_2,3,cuda_unified
0.00019968,600x600,scene_2,3,cuda_unified
0.000200704,600x600,scene_2,3,cuda_unified
0.000202496,600x600,scene_2,3,cuda_unified
0.000200704,600x600,scene_2,3,cuda_unified
0.000200448,600x600,scene_2,3,cuda_unified
0.000198656,600x600,scene_2,3,cuda_unified
0.000200576,600x600,scene_2,3,cuda_unified
0.00019968,600x600,scene_2,3,cuda_unified
0.00019968,600x600,scene_2,3,cuda_unified
0.10644,800x800,scene_2,3,sequential
0.10624,800x800,scene_2,3,sequential
0.106893,800x800,scene_2,3,sequential
0.109865,800x800,scene_2,3,sequential
0.103044,800x800,scene_2,3,sequential
0.109605,800x800,scene_2,3,sequential
0.107067,800x800,scene_2,3,sequential
0.109424,800x800,scene_2,3,sequential
0.106828,800x800,scene_2,3,sequential
0.105835,800x800,scene_2,3,sequential
0.00282477,800x800,scene_2,3,cuda_sync
0.00174544,800x800,scene_2,3,cuda_sync
0.00165837,800x800,scene_2,3,cuda_sync
0.0017991,800x800,scene_2,3,cuda_sync
0.00248413,800x800,scene_2,3,cuda_sync
0.00155997,800x800,scene_2,3,cuda_sync
0.00155315,800x800,scene_2,3,cuda_sync
0.00157069,800x800,scene_2,3,cuda_sync
0.00156755,800x800,scene_2,3,cuda_sync
0.00272426,800x800,scene_2,3,cuda_sync
0.0014592,800x800,scene_2,3,cuda_unified
0.000450688,800x800,scene_2,3,cuda_unified
0.000456704,800x800,scene_2,3,cuda_unified
0.000461824,800x800,scene_2,3,cuda_unified
0.00045568,800x800,scene_2,3,cuda_unified
0.000451584,800x800,scene_2,3,cuda_unified
0.000449536,800x800,scene_2,3,cuda_unified
0.000450656,800x800,scene_2,3,cuda_unified
0.000452608,800x800,scene_2,3,cuda_unified
0.00045456,800x800,scene_2,3,cuda_unified
0.172279,1000x1000,scene_2,3,sequential
0.17163,1000x1000,scene_2,3,sequential
0.167859,1000x1000,scene_2,3,sequential
0.172197,1000x1000,scene_2,3,sequential
0.171455,1000x1000,scene_2,3,sequential
0.17503,1000x1000,scene_2,3,sequential
0.171969,1000x1000,scene_2,3,sequential
0.171869,1000x1000,scene_2,3,sequential
0.172681,1000x1000,scene_2,3,sequential
0.171657,1000x1000,scene_2,3,sequential
0.00470429,1000x1000,scene_2,3,cuda_sync
0.00274371,1000x1000,scene_2,3,cuda_sync
0.00367686,1000x1000,scene_2,3,cuda_sync
0.00250771,1000x1000,scene_2,3,cuda_sync
0.00243123,1000x1000,scene_2,3,cuda_sync
0.00364835,1000x1000,scene_2,3,cuda_sync
0.0024863,1000x1000,scene_2,3,cuda_sync
0.00239706,1000x1000,scene_2,3,cuda_sync
0.00383987,1000x1000,scene_2,3,cuda_sync
0.00242579,1000x1000,scene_2,3,cuda_sync
0.00223744,1000x1000,scene_2,3,cuda_unified
0.000704672,1000x1000,scene_2,3,cuda_unified
0.000705344,1000x1000,scene_2,3,cuda_unified
0.000703488,1000x1000,scene_2,3,cuda_unified
0.000703488,1000x1000,scene_2,3,cuda_unified
0.000703488,1000x1000,scene_2,3,cuda_unified
0.00070656,1000x1000,scene_2,3,cuda_unified
0.000714656,1000x1000,scene_2,3,cuda_unified
0.000702592,1000x1000,scene_2,3,cuda_unified
0.000702464,1000x1000,scene_2,3,cuda_unified
0.458855,1600x1600,scene_2,3,sequential
0.45856,1600x1600,scene_2,3,sequential
0.440738,1600x1600,scene_2,3,sequential
0.449462,1600x1600,scene_2,3,sequential
0.451116,1600x1600,scene_2,3,sequential
0.453005,1600x1600,scene_2,3,sequential
0.44184,1600x1600,scene_2,3,sequential
0.453865,1600x1600,scene_2,3,sequential
0.458201,1600x1600,scene_2,3,sequential
0.450577,1600x1600,scene_2,3,sequential
0.0120891,1600x1600,scene_2,3,cuda_sync
0.00620803,1600x1600,scene_2,3,cuda_sync
0.00722096,1600x1600,scene_2,3,cuda_sync
0.00749968,1600x1600,scene_2,3,cuda_sync
0.00766992,1600x1600,scene_2,3,cuda_sync
0.00766835,1600x1600,scene_2,3,cuda_sync
0.00758426,1600x1600,scene_2,3,cuda_sync
0.00748493,1600x1600,scene_2,3,cuda_sync
0.00615478,1600x1600,scene_2,3,cuda_sync
0.00662774,1600x1600,scene_2,3,cuda_sync
0.00308118,1600x1600,scene_2,3,cuda_unified
0.00144259,1600x1600,scene_2,3,cuda_unified
0.00144077,1600x1600,scene_2,3,cuda_unified
0.00143949,1600x1600,scene_2,3,cuda_unified
0.00143958,1600x1600,scene_2,3,cuda_unified
0.00144179,1600x1600,scene_2,3,cuda_unified
0.00144179,1600x1600,scene_2,3,cuda_unified
0.00144086,1600x1600,scene_2,3,cuda_unified
0.00143965,1600x1600,scene_2,3,cuda_unified
0.00143974,1600x1600,scene_2,3,cuda_unified
1.78728,3200x3200,scene_2,3,sequential
1.79234,3200x3200,scene_2,3,sequential
1.7888,3200x3200,scene_2,3,sequential
1.75008,3200x3200,scene_2,3,sequential
1.75259,3200x3200,scene_2,3,sequential
1.77553,3200x3200,scene_2,3,sequential
1.77715,3200x3200,scene_2,3,sequential
1.77984,3200x3200,scene_2,3,sequential
1.77228,3200x3200,scene_2,3,sequential
1.7771,3200x3200,scene_2,3,sequential
0.0477917,3200x3200,scene_2,3,cuda_sync
0.0252805,3200x3200,scene_2,3,cuda_sync
0.0247522,3200x3200,scene_2,3,cuda_sync
0.0247396,3200x3200,scene_2,3,cuda_sync
0.0248885,3200x3200,scene_2,3,cuda_sync
0.0248042,3200x3200,scene_2,3,cuda_sync
0.0247691,3200x3200,scene_2,3,cuda_sync
0.0250321,3200x3200,scene_2,3,cuda_sync
0.0247661,3200x3200,scene_2,3,cuda_sync
0.0249025,3200x3200,scene_2,3,cuda_sync
0.0108953,3200x3200,scene_2,3,cuda_unified
0.00469504,3200x3200,scene_2,3,cuda_unified
0.00468992,3200x3200,scene_2,3,cuda_unified
0.00468886,3200x3200,scene_2,3,cuda_unified
0.0046848,3200x3200,scene_2,3,cuda_unified
0.00468797,3200x3200,scene_2,3,cuda_unified
0.00467872,3200x3200,scene_2,3,cuda_unified
0.00467331,3200x3200,scene_2,3,cuda_unified
0.0046697,3200x3200,scene_2,3,cuda_unified
0.00466842,3200x3200,scene_2,3,cuda_unified
0.0339121,400x400,scene_3,6,sequential
0.0357339,400x400,scene_3,6,sequential
0.0373415,400x400,scene_3,6,sequential
0.0372309,400x400,scene_3,6,sequential
0.0372614,400x400,scene_3,6,sequential
0.0368766,400x400,scene_3,6,sequential
0.0373804,400x400,scene_3,6,sequential
0.0371132,400x400,scene_3,6,sequential
0.0355823,400x400,scene_3,6,sequential
0.0395513,400x400,scene_3,6,sequential
0.000826656,400x400,scene_3,6,cuda_sync
0.000453728,400x400,scene_3,6,cuda_sync
0.000483008,400x400,scene_3,6,cuda_sync
0.000508832,400x400,scene_3,6,cuda_sync
0.000497568,400x400,scene_3,6,cuda_sync
0.00049712,400x400,scene_3,6,cuda_sync
0.000434016,400x400,scene_3,6,cuda_sync
0.000431232,400x400,scene_3,6,cuda_sync
0.000430144,400x400,scene_3,6,cuda_sync
0.00043904,400x400,scene_3,6,cuda_sync
0.000583552,400x400,scene_3,6,cuda_unified
0.000103424,400x400,scene_3,6,cuda_unified
0.000103424,400x400,scene_3,6,cuda_unified
0.000102336,400x400,scene_3,6,cuda_unified
0.000100352,400x400,scene_3,6,cuda_unified
0.000101376,400x400,scene_3,6,cuda_unified
0.000102336,400x400,scene_3,6,cuda_unified
0.000101504,400x400,scene_3,6,cuda_unified
0.0001024,400x400,scene_3,6,cuda_unified
0.000110336,400x400,scene_3,6,cuda_unified
0.0846606,600x600,scene_3,6,sequential
0.0860656,600x600,scene_3,6,sequential
0.0847269,600x600,scene_3,6,sequential
0.0851675,600x600,scene_3,6,sequential
0.0845342,600x600,scene_3,6,sequential
0.0845116,600x600,scene_3,6,sequential
0.0847923,600x600,scene_3,6,sequential
0.0805507,600x600,scene_3,6,sequential
0.0823179,600x600,scene_3,6,sequential
0.0830625,600x600,scene_3,6,sequential
0.00163958,600x600,scene_3,6,cuda_sync
0.000849248,600x600,scene_3,6,cuda_sync
0.00090272,600x600,scene_3,6,cuda_sync
0.000968544,600x600,scene_3,6,cuda_sync
0.000960064,600x600,scene_3,6,cuda_sync
0.000857824,600x600,scene_3,6,cuda_sync
0.00153546,600x600,scene_3,6,cuda_sync
0.00131482,600x600,scene_3,6,cuda_sync
0.000956064,600x600,scene_3,6,cuda_sync
0.000837472,600x600,scene_3,6,cuda_sync
0.00108554,600x600,scene_3,6,cuda_unified
0.00018944,600x600,scene_3,6,cuda_unified
0.000248736,600x600,scene_3,6,cuda_unified
0.000193536,600x600,scene_3,6,cuda_unified
0.00018848,600x600,scene_3,6,cuda_unified
0.000190464,600x600,scene_3,6,cuda_unified
0.000193536,600x600,scene_3,6,cuda_unified
0.000188544,600x600,scene_3,6,cuda_unified
0.00018848,600x600,scene_3,6,cuda_unified
0.000188416,600x600,scene_3,6,cuda_unified
0.155853,800x800,scene_3,6,sequential
0.161047,800x800,scene_3,6,sequential
0.158993,800x800,scene_3,6,sequential
0.158424,800x800,scene_3,6,sequential
0.158631,800x800,scene_3,6,sequential
0.160559,800x800,scene_3,6,sequential
0.161,800x800,scene_3,6,sequential
0.160631,800x800,scene_3,6,sequential
0.160315,800x800,scene_3,6,sequential
0.162688,800x800,scene_3,6,sequential
0.00319053,800x800,scene_3,6,cuda_sync
0.00168173,800x800,scene_3,6,cuda_sync
0.0016327,800x800,scene_3,6,cuda_sync
0.00266627,800x800,scene_3,6,cuda_sync
0.00179088,800x800,scene_3,6,cuda_sync
0.00153398,800x800,scene_3,6,cuda_sync
0.00153184,800x800,scene_3,6,cuda_sync
0.00155178,800x800,scene_3,6,cuda_sync
0.00154928,800x800,scene_3,6,cuda_sync
0.00171917,800x800,scene_3,6,cuda_sync
0.00165274,800x800,scene_3,6,cuda_unified
0.000453632,800x800,scene_3,6,cuda_unified
0.000459648,800x800,scene_3,6,cuda_unified
0.000459904,800x800,scene_3,6,cuda_unified
0.000459712,800x800,scene_3,6,cuda_unified
0.000457728,800x800,scene_3,6,cuda_unified
0.000452608,800x800,scene_3,6,cuda_unified
0.000452608,800x800,scene_3,6,cuda_unified
0.000452608,800x800,scene_3,6,cuda_unified
0.000452352,800x800,scene_3,6,cuda_unified
0.238621,1000x1000,scene_3,6,sequential
0.228676,1000x1000,scene_3,6,sequential
0.229169,1000x1000,scene_3,6,sequential
0.231587,1000x1000,scene_3,6,sequential
0.230451,1000x1000,scene_3,6,sequential
0.226782,1000x1000,scene_3,6,sequential
0.22775,1000x1000,scene_3,6,sequential
0.228412,1000x1000,scene_3,6,sequential
0.231311,1000x1000,scene_3,6,sequential
0.235663,1000x1000,scene_3,6,sequential
0.00496186,1000x1000,scene_3,6,cuda_sync
0.00279754,1000x1000,scene_3,6,cuda_sync
0.0024159,1000x1000,scene_3,6,cuda_sync
0.00324346,1000x1000,scene_3,6,cuda_sync
0.00238253,1000x1000,scene_3,6,cuda_sync
0.00238285,1000x1000,scene_3,6,cuda_sync
0.00355392,1000x1000,scene_3,6,cuda_sync
0.00239568,1000x1000,scene_3,6,cuda_sync
0.00237891,1000x1000,scene_3,6,cuda_sync
0.00351405,1000x1000,scene_3,6,cuda_sync
0.0023552,1000x1000,scene_3,6,cuda_unified
0.00065744,1000x1000,scene_3,6,cuda_unified
0.000658496,1000x1000,scene_3,6,cuda_unified
0.000656384,1000x1000,scene_3,6,cuda_unified
0.000655232,1000x1000,scene_3,6,cuda_unified
0.000654336,1000x1000,scene_3,6,cuda_unified
0.000654496,1000x1000,scene_3,6,cuda_unified
0.000656288,1000x1000,scene_3,6,cuda_unified
0.00065536,1000x1000,scene_3,6,cuda_unified
0.000654336,1000x1000,scene_3,6,cuda_unified
0.602851,1600x1600,scene_3,6,sequential
0.607272,1600x1600,scene_3,6,sequential
0.597558,1600x1600,scene_3,6,sequential
0.608658,1600x1600,scene_3,6,sequential
0.592921,1600x1600,scene_3,6,sequential
0.590229,1600x1600,scene_3,6,sequential
0.590957,1600x1600,scene_3,6,sequential
0.596981,1600x1600,scene_3,6,sequential
0.594397,1600x1600,scene_3,6,sequential
0.589747,1600x1600,scene_3,6,sequential
0.011813,1600x1600,scene_3,6,cuda_sync
0.00661917,1600x1600,scene_3,6,cuda_sync
0.00700378,1600x1600,scene_3,6,cuda_sync
0.00741773,1600x1600,scene_3,6,cuda_sync
0.00676211,1600x1600,scene_3,6,cuda_sync
0.00596896,1600x1600,scene_3,6,cuda_sync
0.00691395,1600x1600,scene_3,6,cuda_sync
0.00723686,1600x1600,scene_3,6,cuda_sync
0.00737824,1600x1600,scene_3,6,cuda_sync
0.00747901,1600x1600,scene_3,6,cuda_sync
0.00357891,1600x1600,scene_3,6,cuda_unified
0.00159642,1600x1600,scene_3,6,cuda_unified
0.00159334,1600x1600,scene_3,6,cuda_unified
0.00159843,1600x1600,scene_3,6,cuda_unified
0.00159437,1600x1600,scene_3,6,cuda_unified
0.00159437,1600x1600,scene_3,6,cuda_unified
0.00159232,1600x1600,scene_3,6,cuda_unified
0.0015905,1600x1600,scene_3,6,cuda_unified
0.0015913,1600x1600,scene_3,6,cuda_unified
0.00159027,1600x1600,scene_3,6,cuda_unified
2.40948,3200x3200,scene_3,6,sequential
2.38697,3200x3200,scene_3,6,sequential
2.41687,3200x3200,scene_3,6,sequential
2.41654,3200x3200,scene_3,6,sequential
2.413,3200x3200,scene_3,6,sequential
2.40237,3200x3200,scene_3,6,sequential
2.41607,3200x3200,scene_3,6,sequential
2.41785,3200x3200,scene_3,6,sequential
2.37391,3200x3200,scene_3,6,sequential
2.37496,3200x3200,scene_3,6,sequential
0.0452915,3200x3200,scene_3,6,cuda_sync
0.0258098,3200x3200,scene_3,6,cuda_sync
0.0249819,3200x3200,scene_3,6,cuda_sync
0.0249719,3200x3200,scene_3,6,cuda_sync
0.0251834,3200x3200,scene_3,6,cuda_sync
0.024859,3200x3200,scene_3,6,cuda_sync
0.0226754,3200x3200,scene_3,6,cuda_sync
0.0235162,3200x3200,scene_3,6,cuda_sync
0.0234487,3200x3200,scene_3,6,cuda_sync
0.023876,3200x3200,scene_3,6,cuda_sync
0.0103281,3200x3200,scene_3,6,cuda_unified
0.00471885,3200x3200,scene_3,6,cuda_unified
0.00470221,3200x3200,scene_3,6,cuda_unified
0.00469069,3200x3200,scene_3,6,cuda_unified
0.00468816,3200x3200,scene_3,6,cuda_unified
0.0046848,3200x3200,scene_3,6,cuda_unified
0.00468685,3200x3200,scene_3,6,cuda_unified
0.00468672,3200x3200,scene_3,6,cuda_unified
0.00468365,3200x3200,scene_3,6,cuda_unified
0.00469094,3200x3200,scene_3,6,cuda_unified
0.0287902,400x400,scene_4,2,sequential
0.0227046,400x400,scene_4,2,sequential
0.0231491,400x400,scene_4,2,sequential
0.0225684,400x400,scene_4,2,sequential
0.0231378,400x400,scene_4,2,sequential
0.023727,400x400,scene_4,2,sequential
0.0232327,400x400,scene_4,2,sequential
0.0237709,400x400,scene_4,2,sequential
0.0235295,400x400,scene_4,2,sequential
0.0236989,400x400,scene_4,2,sequential
0.000889408,400x400,scene_4,2,cuda_sync
0.000443552,400x400,scene_4,2,cuda_sync
0.000462848,400x400,scene_4,2,cuda_sync
0.000485568,400x400,scene_4,2,cuda_sync
0.000496832,400x400,scene_4,2,cuda_sync
0.000513088,400x400,scene_4,2,cuda_sync
0.00045888,400x400,scene_4,2,cuda_sync
0.000445088,400x400,scene_4,2,cuda_sync
0.0004368,400x400,scene_4,2,cuda_sync
0.000450016,400x400,scene_4,2,cuda_sync
0.000452608,400x400,scene_4,2,cuda_unified
9.1136e-05,400x400,scene_4,2,cuda_unified
8.9088e-05,400x400,scene_4,2,cuda_unified
9.0112e-05,400x400,scene_4,2,cuda_unified
8.9856e-05,400x400,scene_4,2,cuda_unified
8.912e-05,400x400,scene_4,2,cuda_unified
8.9056e-05,400x400,scene_4,2,cuda_unified
8.9088e-05,400x400,scene_4,2,cuda_unified
8.9088e-05,400x400,scene_4,2,cuda_unified
8.9088e-05,400x400,scene_4,2,cuda_unified
0.0550875,600x600,scene_4,2,sequential
0.0559925,600x600,scene_4,2,sequential
0.0511075,600x600,scene_4,2,sequential
0.0526788,600x600,scene_4,2,sequential
0.0532297,600x600,scene_4,2,sequential
0.0545855,600x600,scene_4,2,sequential
0.0535381,600x600,scene_4,2,sequential
0.053807,600x600,scene_4,2,sequential
0.0596917,600x600,scene_4,2,sequential
0.0540211,600x600,scene_4,2,sequential
0.0016919,600x600,scene_4,2,cuda_sync
0.000898656,600x600,scene_4,2,cuda_sync
0.00100944,600x600,scene_4,2,cuda_sync
0.000950784,600x600,scene_4,2,cuda_sync
0.000862432,600x600,scene_4,2,cuda_sync
0.00109667,600x600,scene_4,2,cuda_sync
0.00153187,600x600,scene_4,2,cuda_sync
0.000954976,600x600,scene_4,2,cuda_sync
0.000892256,600x600,scene_4,2,cuda_sync
0.000855136,600x600,scene_4,2,cuda_sync
0.00119286,600x600,scene_4,2,cuda_unified
0.000193536,600x600,scene_4,2,cuda_unified
0.000192512,600x600,scene_4,2,cuda_unified
0.000193376,600x600,scene_4,2,cuda_unified
0.000192512,600x600,scene_4,2,cuda_unified
0.000193536,600x600,scene_4,2,cuda_unified
0.000192512,600x600,scene_4,2,cuda_unified
0.000199584,600x600,scene_4,2,cuda_unified
0.000199776,600x600,scene_4,2,cuda_unified
0.00019456,600x600,scene_4,2,cuda_unified
0.09508,800x800,scene_4,2,sequential
0.0925175,800x800,scene_4,2,sequential
0.0951048,800x800,scene_4,2,sequential
0.0951052,800x800,scene_4,2,sequential
0.0949259,800x800,scene_4,2,sequential
0.0950381,800x800,scene_4,2,sequential
0.0950148,800x800,scene_4,2,sequential
0.0958678,800x800,scene_4,2,sequential
0.0959429,800x800,scene_4,2,sequential
0.0945993,800x800,scene_4,2,sequential
0.00292938,800x800,scene_4,2,cuda_sync
0.00249546,800x800,scene_4,2,cuda_sync
0.00166848,800x800,scene_4,2,cuda_sync
0.00155539,800x800,scene_4,2,cuda_sync
0.00181104,800x800,scene_4,2,cuda_sync
0.00230771,800x800,scene_4,2,cuda_sync
0.0016023,800x800,scene_4,2,cuda_sync
0.00155331,800x800,scene_4,2,cuda_sync
0.00156931,800x800,scene_4,2,cuda_sync
0.00253421,800x800,scene_4,2,cuda_sync
0.00168858,800x800,scene_4,2,cuda_unified
0.000451584,800x800,scene_4,2,cuda_unified
0.0004536,800x800,scene_4,2,cuda_unified
0.000449536,800x800,scene_4,2,cuda_unified
0.000449632,800x800,scene_4,2,cuda_unified
0.000451584,800x800,scene_4,2,cuda_unified
0.00045056,800x800,scene_4,2,cuda_unified
0.000457728,800x800,scene_4,2,cuda_unified
0.000458752,800x800,scene_4,2,cuda_unified
0.000461824,800x800,scene_4,2,cuda_unified
0.151856,1000x1000,scene_4,2,sequential
0.151728,1000x1000,scene_4,2,sequential
0.148879,1000x1000,scene_4,2,sequential
0.146612,1000x1000,scene_4,2,sequential
0.148268,1000x1000,scene_4,2,sequential
0.15066,1000x1000,scene_4,2,sequential
0.150285,1000x1000,scene_4,2,sequential
0.150727,1000x1000,scene_4,2,sequential
0.151527,1000x1000,scene_4,2,sequential
0.147453,1000x1000,scene_4,2,sequential
0.00468829,1000x1000,scene_4,2,cuda_sync
0.00270493,1000x1000,scene_4,2,cuda_sync
0.00240797,1000x1000,scene_4,2,cuda_sync
0.0035904,1000x1000,scene_4,2,cuda_sync
0.00245088,1000x1000,scene_4,2,cuda_sync
0.00239053,1000x1000,scene_4,2,cuda_sync
0.00241885,1000x1000,scene_4,2,cuda_sync
0.00356349,1000x1000,scene_4,2,cuda_sync
0.00256938,1000x1000,scene_4,2,cuda_sync
0.00240733,1000x1000,scene_4,2,cuda_sync
0.00212685,1000x1000,scene_4,2,cuda_unified
0.000705536,1000x1000,scene_4,2,cuda_unified
0.000704512,1000x1000,scene_4,2,cuda_unified
0.000703488,1000x1000,scene_4,2,cuda_unified
0.000701568,1000x1000,scene_4,2,cuda_unified
0.000702464,1000x1000,scene_4,2,cuda_unified
0.000702464,1000x1000,scene_4,2,cuda_unified
0.000702464,1000x1000,scene_4,2,cuda_unified
0.000703488,1000x1000,scene_4,2,cuda_unified
0.000703488,1000x1000,scene_4,2,cuda_unified
0.383292,1600x1600,scene_4,2,sequential
0.389242,1600x1600,scene_4,2,sequential
0.377804,1600x1600,scene_4,2,sequential
0.381129,1600x1600,scene_4,2,sequential
0.38727,1600x1600,scene_4,2,sequential
0.388247,1600x1600,scene_4,2,sequential
0.388026,1600x1600,scene_4,2,sequential
0.386519,1600x1600,scene_4,2,sequential
0.386533,1600x1600,scene_4,2,sequential
0.385814,1600x1600,scene_4,2,sequential
0.0119033,1600x1600,scene_4,2,cuda_sync
0.00617117,1600x1600,scene_4,2,cuda_sync
0.00743142,1600x1600,scene_4,2,cuda_sync
0.0075953,1600x1600,scene_4,2,cuda_sync
0.00731914,1600x1600,scene_4,2,cuda_sync
0.00617213,1600x1600,scene_4,2,cuda_sync
0.00689008,1600x1600,scene_4,2,cuda_sync
0.00767309,1600x1600,scene_4,2,cuda_sync
0.00762848,1600x1600,scene_4,2,cuda_sync
0.00765782,1600x1600,scene_4,2,cuda_sync
0.00408778,1600x1600,scene_4,2,cuda_unified
0.00176845,1600x1600,scene_4,2,cuda_unified
0.00176947,1600x1600,scene_4,2,cuda_unified
0.00176733,1600x1600,scene_4,2,cuda_unified
0.00176742,1600x1600,scene_4,2,cuda_unified
0.00176829,1600x1600,scene_4,2,cuda_unified
0.0017673,1600x1600,scene_4,2,cuda_unified
0.00176947,1600x1600,scene_4,2,cuda_unified
0.0017695,1600x1600,scene_4,2,cuda_unified
0.00176742,1600x1600,scene_4,2,cuda_unified
1.53634,3200x3200,scene_4,2,sequential
1.56478,3200x3200,scene_4,2,sequential
1.54041,3200x3200,scene_4,2,sequential
1.54139,3200x3200,scene_4,2,sequential
1.54418,3200x3200,scene_4,2,sequential
1.54074,3200x3200,scene_4,2,sequential
1.54023,3200x3200,scene_4,2,sequential
1.53994,3200x3200,scene_4,2,sequential
1.5364,3200x3200,scene_4,2,sequential
1.56823,3200x3200,scene_4,2,sequential
0.0451978,3200x3200,scene_4,2,cuda_sync
0.0255541,3200x3200,scene_4,2,cuda_sync
0.0251463,3200x3200,scene_4,2,cuda_sync
0.0250878,3200x3200,scene_4,2,cuda_sync
0.0252641,3200x3200,scene_4,2,cuda_sync
0.0247511,3200x3200,scene_4,2,cuda_sync
0.0252399,3200x3200,scene_4,2,cuda_sync
0.0253561,3200x3200,scene_4,2,cuda_sync
0.0256125,3200x3200,scene_4,2,cuda_sync
0.0234856,3200x3200,scene_4,2,cuda_sync
0.0103741,3200x3200,scene_4,2,cuda_unified
0.00467558,3200x3200,scene_4,2,cuda_unified
0.00468275,3200x3200,scene_4,2,cuda_unified
0.00467382,3200x3200,scene_4,2,cuda_unified
0.00466717,3200x3200,scene_4,2,cuda_unified
0.0046633,3200x3200,scene_4,2,cuda_unified
0.00466765,3200x3200,scene_4,2,cuda_unified
0.00467866,3200x3200,scene_4,2,cuda_unified
0.00466944,3200x3200,scene_4,2,cuda_unified
0.00467251,3200x3200,scene_4,2,cuda_unified
0.0420212,400x400,scene_5,8,sequential
0.0450124,400x400,scene_5,8,sequential
0.0452732,400x400,scene_5,8,sequential
0.0417325,400x400,scene_5,8,sequential
0.0436374,400x400,scene_5,8,sequential
0.0431781,400x400,scene_5,8,sequential
0.0433225,400x400,scene_5,8,sequential
0.0419894,400x400,scene_5,8,sequential
0.0433026,400x400,scene_5,8,sequential
0.0440211,400x400,scene_5,8,sequential
0.000841984,400x400,scene_5,8,cuda_sync
0.000473984,400x400,scene_5,8,cuda_sync
0.000482432,400x400,scene_5,8,cuda_sync
0.000465408,400x400,scene_5,8,cuda_sync
0.000476672,400x400,scene_5,8,cuda_sync
0.000453952,400x400,scene_5,8,cuda_sync
0.000430848,400x400,scene_5,8,cuda_sync
0.000434112,400x400,scene_5,8,cuda_sync
0.00044864,400x400,scene_5,8,cuda_sync
0.000441984,400x400,scene_5,8,cuda_sync
0.00041472,400x400,scene_5,8,cuda_unified
9.0112e-05,400x400,scene_5,8,cuda_unified
9.0112e-05,400x400,scene_5,8,cuda_unified
8.9088e-05,400x400,scene_5,8,cuda_unified
8.9088e-05,400x400,scene_5,8,cuda_unified
9.2352e-05,400x400,scene_5,8,cuda_unified
8.8992e-05,400x400,scene_5,8,cuda_unified
8.928e-05,400x400,scene_5,8,cuda_unified
9.1136e-05,400x400,scene_5,8,cuda_unified
8.9088e-05,400x400,scene_5,8,cuda_unified
0.0981168,600x600,scene_5,8,sequential
0.0971428,600x600,scene_5,8,sequential
0.0997238,600x600,scene_5,8,sequential
0.0991342,600x600,scene_5,8,sequential
0.0991481,600x600,scene_5,8,sequential
0.0988878,600x600,scene_5,8,sequential
0.0993802,600x600,scene_5,8,sequential
0.101537,600x600,scene_5,8,sequential
0.0946376,600x600,scene_5,8,sequential
0.0987809,600x600,scene_5,8,sequential
0.00215466,600x600,scene_5,8,cuda_sync
0.000955648,600x600,scene_5,8,cuda_sync
0.00157114,600x600,scene_5,8,cuda_sync
0.000990816,600x600,scene_5,8,cuda_sync
0.000939072,600x600,scene_5,8,cuda_sync
0.000988352,600x600,scene_5,8,cuda_sync
0.000931328,600x600,scene_5,8,cuda_sync
0.00088944,600x600,scene_5,8,cuda_sync
0.000877888,600x600,scene_5,8,cuda_sync
0.00112045,600x600,scene_5,8,cuda_sync
0.00109568,600x600,scene_5,8,cuda_unified
0.000192832,600x600,scene_5,8,cuda_unified
0.000192512,600x600,scene_5,8,cuda_unified
0.00019152,600x600,scene_5,8,cuda_unified
0.00019248,600x600,scene_5,8,cuda_unified
0.00019248,600x600,scene_5,8,cuda_unified
0.000192512,600x600,scene_5,8,cuda_unified
0.000192512,600x600,scene_5,8,cuda_unified
0.000192512,600x600,scene_5,8,cuda_unified
0.000192512,600x600,scene_5,8,cuda_unified
0.18943,800x800,scene_5,8,sequential
0.190641,800x800,scene_5,8,sequential
0.185196,800x800,scene_5,8,sequential
0.185356,800x800,scene_5,8,sequential
0.185877,800x800,scene_5,8,sequential
0.185755,800x800,scene_5,8,sequential
0.186754,800x800,scene_5,8,sequential
0.185065,800x800,scene_5,8,sequential
0.184677,800x800,scene_5,8,sequential
0.184247,800x800,scene_5,8,sequential
0.00307066,800x800,scene_5,8,cuda_sync
0.00175062,800x800,scene_5,8,cuda_sync
0.00154934,800x800,scene_5,8,cuda_sync
0.00161594,800x800,scene_5,8,cuda_sync
0.00239046,800x800,scene_5,8,cuda_sync
0.00159779,800x800,scene_5,8,cuda_sync
0.00155904,800x800,scene_5,8,cuda_sync
0.00154714,800x800,scene_5,8,cuda_sync
0.00154416,800x800,scene_5,8,cuda_sync
0.00156397,800x800,scene_5,8,cuda_sync
0.00177155,800x800,scene_5,8,cuda_unified
0.000454656,800x800,scene_5,8,cuda_unified
0.000452608,800x800,scene_5,8,cuda_unified
0.000452608,800x800,scene_5,8,cuda_unified
0.000453632,800x800,scene_5,8,cuda_unified
0.000452608,800x800,scene_5,8,cuda_unified
0.000452768,800x800,scene_5,8,cuda_unified
0.000458752,800x800,scene_5,8,cuda_unified
0.0004608,800x800,scene_5,8,cuda_unified
0.000453632,800x800,scene_5,8,cuda_unified
0.282597,1000x1000,scene_5,8,sequential
0.28266,1000x1000,scene_5,8,sequential
0.269462,1000x1000,scene_5,8,sequential
0.269463,1000x1000,scene_5,8,sequential
0.271603,1000x1000,scene_5,8,sequential
0.278339,1000x1000,scene_5,8,sequential
0.279123,1000x1000,scene_5,8,sequential
0.278528,1000x1000,scene_5,8,sequential
0.278768,1000x1000,scene_5,8,sequential
0.272925,1000x1000,scene_5,8,sequential
0.0043937,1000x1000,scene_5,8,cuda_sync
0.00255693,1000x1000,scene_5,8,cuda_sync
0.0024,1000x1000,scene_5,8,cuda_sync
0.00322333,1000x1000,scene_5,8,cuda_sync
0.00236106,1000x1000,scene_5,8,cuda_sync
0.00239325,1000x1000,scene_5,8,cuda_sync
0.00270173,1000x1000,scene_5,8,cuda_sync
0.00259338,1000x1000,scene_5,8,cuda_sync
0.00238442,1000x1000,scene_5,8,cuda_sync
0.00238422,1000x1000,scene_5,8,cuda_sync
0.00188125,1000x1000,scene_5,8,cuda_unified
0.000694272,1000x1000,scene_5,8,cuda_unified
0.000693248,1000x1000,scene_5,8,cuda_unified
0.000693248,1000x1000,scene_5,8,cuda_unified
0.0006912,1000x1000,scene_5,8,cuda_unified
0.000692256,1000x1000,scene_5,8,cuda_unified
0.000693248,1000x1000,scene_5,8,cuda_unified
0.0006912,1000x1000,scene_5,8,cuda_unified
0.000691232,1000x1000,scene_5,8,cuda_unified
0.000693216,1000x1000,scene_5,8,cuda_unified
0.708352,1600x1600,scene_5,8,sequential
0.716895,1600x1600,scene_5,8,sequential
0.706325,1600x1600,scene_5,8,sequential
0.704488,1600x1600,scene_5,8,sequential
0.711554,1600x1600,scene_5,8,sequential
0.715515,1600x1600,scene_5,8,sequential
0.718583,1600x1600,scene_5,8,sequential
0.713501,1600x1600,scene_5,8,sequential
0.714278,1600x1600,scene_5,8,sequential
0.731811,1600x1600,scene_5,8,sequential
0.0118237,1600x1600,scene_5,8,cuda_sync
0.00602938,1600x1600,scene_5,8,cuda_sync
0.00614346,1600x1600,scene_5,8,cuda_sync
0.00678093,1600x1600,scene_5,8,cuda_sync
0.00700566,1600x1600,scene_5,8,cuda_sync
0.00700874,1600x1600,scene_5,8,cuda_sync
0.00701699,1600x1600,scene_5,8,cuda_sync
0.00601856,1600x1600,scene_5,8,cuda_sync
0.0066185,1600x1600,scene_5,8,cuda_sync
0.00692717,1600x1600,scene_5,8,cuda_sync
0.0040583,1600x1600,scene_5,8,cuda_unified
0.00162704,1600x1600,scene_5,8,cuda_unified
0.00164352,1600x1600,scene_5,8,cuda_unified
0.00163226,1600x1600,scene_5,8,cuda_unified
0.00162304,1600x1600,scene_5,8,cuda_unified
0.00162304,1600x1600,scene_5,8,cuda_unified
0.00163328,1600x1600,scene_5,8,cuda_unified
0.00163434,1600x1600,scene_5,8,cuda_unified
0.00163738,1600x1600,scene_5,8,cuda_unified
0.00163021,1600x1600,scene_5,8,cuda_unified
2.87249,3200x3200,scene_5,8,sequential
2.85265,3200x3200,scene_5,8,sequential
2.82331,3200x3200,scene_5,8,sequential
2.82193,3200x3200,scene_5,8,sequential
2.84301,3200x3200,scene_5,8,sequential
2.81444,3200x3200,scene_5,8,sequential
2.81663,3200x3200,scene_5,8,sequential
2.83872,3200x3200,scene_5,8,sequential
2.84459,3200x3200,scene_5,8,sequential
2.81393,3200x3200,scene_5,8,sequential
0.0442675,3200x3200,scene_5,8,cuda_sync
0.0251822,3200x3200,scene_5,8,cuda_sync
0.025114,3200x3200,scene_5,8,cuda_sync
0.0252032,3200x3200,scene_5,8,cuda_sync
0.0250649,3200x3200,scene_5,8,cuda_sync
0.025328,3200x3200,scene_5,8,cuda_sync
0.0249845,3200x3200,scene_5,8,cuda_sync
0.0248772,3200x3200,scene_5,8,cuda_sync
0.0237157,3200x3200,scene_5,8,cuda_sync
0.0230461,3200x3200,scene_5,8,cuda_sync
0.0102636,3200x3200,scene_5,8,cuda_unified
0.00468995,3200x3200,scene_5,8,cuda_unified
0.00469168,3200x3200,scene_5,8,cuda_unified
0.0047113,3200x3200,scene_5,8,cuda_unified
0.00470016,3200x3200,scene_5,8,cuda_unified
0.0046888,3200x3200,scene_5,8,cuda_unified
0.00469517,3200x3200,scene_5,8,cuda_unified
0.00469709,3200x3200,scene_5,8,cuda_unified
0.00469072,3200x3200,scene_5,8,cuda_unified
0.00469402,3200x3200,scene_5,8,cuda_unified
0.0378824,400x400,scene_6,5,sequential
0.0339901,400x400,scene_6,5,sequential
0.0326322,400x400,scene_6,5,sequential
0.0348967,400x400,scene_6,5,sequential
0.0356748,400x400,scene_6,5,sequential
0.0350752,400x400,scene_6,5,sequential
0.0348796,400x400,scene_6,5,sequential
0.0350745,400x400,scene_6,5,sequential
0.0348018,400x400,scene_6,5,sequential
0.0348491,400x400,scene_6,5,sequential
0.000877152,400x400,scene_6,5,cuda_sync
0.000503104,400x400,scene_6,5,cuda_sync
0.000514944,400x400,scene_6,5,cuda_sync
0.000486496,400x400,scene_6,5,cuda_sync
0.000487008,400x400,scene_6,5,cuda_sync
0.000443936,400x400,scene_6,5,cuda_sync
0.000445632,400x400,scene_6,5,cuda_sync
0.000443424,400x400,scene_6,5,cuda_sync
0.00045248,400x400,scene_6,5,cuda_sync
0.00047888,400x400,scene_6,5,cuda_sync
0.000461824,400x400,scene_6,5,cuda_unified
0.000107744,400x400,scene_6,5,cuda_unified
0.000106592,400x400,scene_6,5,cuda_unified
0.000107328,400x400,scene_6,5,cuda_unified
0.000106688,400x400,scene_6,5,cuda_unified
0.000106496,400x400,scene_6,5,cuda_unified
0.00010736,400x400,scene_6,5,cuda_unified
0.000106496,400x400,scene_6,5,cuda_unified
0.000106496,400x400,scene_6,5,cuda_unified
0.000111616,400x400,scene_6,5,cuda_unified
0.0737869,600x600,scene_6,5,sequential
0.080123,600x600,scene_6,5,sequential
0.0765604,600x600,scene_6,5,sequential
0.0755403,600x600,scene_6,5,sequential
0.0722955,600x600,scene_6,5,sequential
0.0745355,600x600,scene_6,5,sequential
0.0777588,600x600,scene_6,5,sequential
0.076966,600x600,scene_6,5,sequential
0.0775862,600x600,scene_6,5,sequential
0.0769606,600x600,scene_6,5,sequential
0.00176886,600x600,scene_6,5,cuda_sync
0.000974752,600x600,scene_6,5,cuda_sync
0.000987136,600x600,scene_6,5,cuda_sync
0.000841728,600x600,scene_6,5,cuda_sync
0.000844896,600x600,scene_6,5,cuda_sync
0.000840064,600x600,scene_6,5,cuda_sync
0.00084864,600x600,scene_6,5,cuda_sync
0.000895808,600x600,scene_6,5,cuda_sync
0.00162598,600x600,scene_6,5,cuda_sync
0.000906304,600x600,scene_6,5,cuda_sync
0.000733184,600x600,scene_6,5,cuda_unified
0.00020896,600x600,scene_6,5,cuda_unified
0.000208864,600x600,scene_6,5,cuda_unified
0.000208896,600x600,scene_6,5,cuda_unified
0.000208896,600x600,scene_6,5,cuda_unified
0.000212992,600x600,scene_6,5,cuda_unified
0.000214784,600x600,scene_6,5,cuda_unified
0.000208896,600x600,scene_6,5,cuda_unified
0.000208896,600x600,scene_6,5,cuda_unified
0.000208896,600x600,scene_6,5,cuda_unified
0.133778,800x800,scene_6,5,sequential
0.135918,800x800,scene_6,5,sequential
0.133198,800x800,scene_6,5,sequential
0.134405,800x800,scene_6,5,sequential
0.136536,800x800,scene_6,5,sequential
0.138717,800x800,scene_6,5,sequential
0.137281,800x800,scene_6,5,sequential
0.130972,800x800,scene_6,5,sequential
0.133663,800x800,scene_6,5,sequential
0.138721,800x800,scene_6,5,sequential
0.00297629,800x800,scene_6,5,cuda_sync
0.00175338,800x800,scene_6,5,cuda_sync
0.00153376,800x800,scene_6,5,cuda_sync
0.0015497,800x800,scene_6,5,cuda_sync
0.00153648,800x800,scene_6,5,cuda_sync
0.001524,800x800,scene_6,5,cuda_sync
0.00184634,800x800,scene_6,5,cuda_sync
0.0019776,800x800,scene_6,5,cuda_sync
0.0015399,800x800,scene_6,5,cuda_sync
0.00158701,800x800,scene_6,5,cuda_sync
0.00151859,800x800,scene_6,5,cuda_unified
0.000446368,800x800,scene_6,5,cuda_unified
0.00044352,800x800,scene_6,5,cuda_unified
0.000443392,800x800,scene_6,5,cuda_unified
0.000444416,800x800,scene_6,5,cuda_unified
0.0004432,800x800,scene_6,5,cuda_unified
0.000449344,800x800,scene_6,5,cuda_unified
0.0004424,800x800,scene_6,5,cuda_unified
0.000443392,800x800,scene_6,5,cuda_unified
0.000453632,800x800,scene_6,5,cuda_unified
0.217378,1000x1000,scene_6,5,sequential
0.222525,1000x1000,scene_6,5,sequential
0.213895,1000x1000,scene_6,5,sequential
0.217717,1000x1000,scene_6,5,sequential
0.211366,1000x1000,scene_6,5,sequential
0.218263,1000x1000,scene_6,5,sequential
0.213076,1000x1000,scene_6,5,sequential
0.213659,1000x1000,scene_6,5,sequential
0.213059,1000x1000,scene_6,5,sequential
0.21661,1000x1000,scene_6,5,sequential
0.00487181,1000x1000,scene_6,5,cuda_sync
0.00260173,1000x1000,scene_6,5,cuda_sync
0.00239568,1000x1000,scene_6,5,cuda_sync
0.00334646,1000x1000,scene_6,5,cuda_sync
0.00253987,1000x1000,scene_6,5,cuda_sync
0.00253702,1000x1000,scene_6,5,cuda_sync
0.00308349,1000x1000,scene_6,5,cuda_sync
0.0024489,1000x1000,scene_6,5,cuda_sync
0.00243907,1000x1000,scene_6,5,cuda_sync
0.00306742,1000x1000,scene_6,5,cuda_sync
0.00200688,1000x1000,scene_6,5,cuda_unified
0.000692224,1000x1000,scene_6,5,cuda_unified
0.00069312,1000x1000,scene_6,5,cuda_unified
0.000692384,1000x1000,scene_6,5,cuda_unified
0.000691232,1000x1000,scene_6,5,cuda_unified
0.0006912,1000x1000,scene_6,5,cuda_unified
0.0006912,1000x1000,scene_6,5,cuda_unified
0.000691264,1000x1000,scene_6,5,cuda_unified
0.000691072,1000x1000,scene_6,5,cuda_unified
0.000690176,1000x1000,scene_6,5,cuda_unified
0.550593,1600x1600,scene_6,5,sequential
0.545051,1600x1600,scene_6,5,sequential
0.540777,1600x1600,scene_6,5,sequential
0.536702,1600x1600,scene_6,5,sequential
0.53361,1600x1600,scene_6,5,sequential
0.542513,1600x1600,scene_6,5,sequential
0.55007,1600x1600,scene_6,5,sequential
0.541764,1600x1600,scene_6,5,sequential
0.5462,1600x1600,scene_6,5,sequential
0.534535,1600x1600,scene_6,5,sequential
0.011519,1600x1600,scene_6,5,cuda_sync
0.00604173,1600x1600,scene_6,5,cuda_sync
0.00696403,1600x1600,scene_6,5,cuda_sync
0.00737021,1600x1600,scene_6,5,cuda_sync
0.00707427,1600x1600,scene_6,5,cuda_sync
0.00697926,1600x1600,scene_6,5,cuda_sync
0.00611213,1600x1600,scene_6,5,cuda_sync
0.00618992,1600x1600,scene_6,5,cuda_sync
0.00708432,1600x1600,scene_6,5,cuda_sync
0.00709174,1600x1600,scene_6,5,cuda_sync
0.00421478,1600x1600,scene_6,5,cuda_unified
0.00177539,1600x1600,scene_6,5,cuda_unified
0.00177651,1600x1600,scene_6,5,cuda_unified
0.00177152,1600x1600,scene_6,5,cuda_unified
0.00177357,1600x1600,scene_6,5,cuda_unified
0.00177254,1600x1600,scene_6,5,cuda_unified
0.00177152,1600x1600,scene_6,5,cuda_unified
0.00177251,1600x1600,scene_6,5,cuda_unified
0.00177459,1600x1600,scene_6,5,cuda_unified
0.00177357,1600x1600,scene_6,5,cuda_unified
2.24202,3200x3200,scene_6,5,sequential
2.25335,3200x3200,scene_6,5,sequential
2.27824,3200x3200,scene_6,5,sequential
2.28315,3200x3200,scene_6,5,sequential
2.28437,3200x3200,scene_6,5,sequential
2.27971,3200x3200,scene_6,5,sequential
2.27543,3200x3200,scene_6,5,sequential
2.25688,3200x3200,scene_6,5,sequential
2.23239,3200x3200,scene_6,5,sequential
2.24954,3200x3200,scene_6,5,sequential
0.0465634,3200x3200,scene_6,5,cuda_sync
0.0247592,3200x3200,scene_6,5,cuda_sync
0.0246488,3200x3200,scene_6,5,cuda_sync
0.0246368,3200x3200,scene_6,5,cuda_sync
0.0247078,3200x3200,scene_6,5,cuda_sync
0.0246446,3200x3200,scene_6,5,cuda_sync
0.0245396,3200x3200,scene_6,5,cuda_sync
0.0247983,3200x3200,scene_6,5,cuda_sync
0.0250002,3200x3200,scene_6,5,cuda_sync
0.0251564,3200x3200,scene_6,5,cuda_sync
0.0106691,3200x3200,scene_6,5,cuda_unified
0.00469709,3200x3200,scene_6,5,cuda_unified
0.00468474,3200x3200,scene_6,5,cuda_unified
0.00468246,3200x3200,scene_6,5,cuda_unified
0.00467574,3200x3200,scene_6,5,cuda_unified
0.00467456,3200x3200,scene_6,5,cuda_unified
0.00468685,3200x3200,scene_6,5,cuda_unified
0.00468464,3200x3200,scene_6,5,cuda_unified
0.00468653,3200x3200,scene_6,5,cuda_unified
0.00468493,3200x3200,scene_6,5,cuda_unified
0.0318669,400x400,scene_7,5,sequential
0.0319065,400x400,scene_7,5,sequential
0.0420412,400x400,scene_7,5,sequential
0.0330785,400x400,scene_7,5,sequential
0.0322246,400x400,scene_7,5,sequential
0.0338679,400x400,scene_7,5,sequential
0.0347768,400x400,scene_7,5,sequential
0.0339125,400x400,scene_7,5,sequential
0.039556,400x400,scene_7,5,sequential
0.0334013,400x400,scene_7,5,sequential
0.000856224,400x400,scene_7,5,cuda_sync
0.000441952,400x400,scene_7,5,cuda_sync
0.00051904,400x400,scene_7,5,cuda_sync
0.000620256,400x400,scene_7,5,cuda_sync
0.000492384,400x400,scene_7,5,cuda_sync
0.0004656,400x400,scene_7,5,cuda_sync
0.000434592,400x400,scene_7,5,cuda_sync
0.000436704,400x400,scene_7,5,cuda_sync
0.000444672,400x400,scene_7,5,cuda_sync
0.000453728,400x400,scene_7,5,cuda_sync
0.000507744,400x400,scene_7,5,cuda_unified
0.000104352,400x400,scene_7,5,cuda_unified
0.000103232,400x400,scene_7,5,cuda_unified
0.000103424,400x400,scene_7,5,cuda_unified
0.000103296,400x400,scene_7,5,cuda_unified
0.000104448,400x400,scene_7,5,cuda_unified
0.000103424,400x400,scene_7,5,cuda_unified
0.000103424,400x400,scene_7,5,cuda_unified
0.000103232,400x400,scene_7,5,cuda_unified
0.000103424,400x400,scene_7,5,cuda_unified
0.0779205,600x600,scene_7,5,sequential
0.0770692,600x600,scene_7,5,sequential
0.0761,600x600,scene_7,5,sequential
0.0758245,600x600,scene_7,5,sequential
0.0762215,600x600,scene_7,5,sequential
0.0755782,600x600,scene_7,5,sequential
0.0761918,600x600,scene_7,5,sequential
0.0752679,600x600,scene_7,5,sequential
0.0760814,600x600,scene_7,5,sequential
0.0745626,600x600,scene_7,5,sequential
0.00179114,600x600,scene_7,5,cuda_sync
0.00098656,600x600,scene_7,5,cuda_sync
0.0010143,600x600,scene_7,5,cuda_sync
0.000864448,600x600,scene_7,5,cuda_sync
0.000860384,600x600,scene_7,5,cuda_sync
0.000892928,600x600,scene_7,5,cuda_sync
0.00109008,600x600,scene_7,5,cuda_sync
0.00159562,600x600,scene_7,5,cuda_sync
0.000956096,600x600,scene_7,5,cuda_sync
0.000887424,600x600,scene_7,5,cuda_sync
0.00092672,600x600,scene_7,5,cuda_unified
0.00022528,600x600,scene_7,5,cuda_unified
0.000229376,600x600,scene_7,5,cuda_unified
0.00024576,600x600,scene_7,5,cuda_unified
0.000229376,600x600,scene_7,5,cuda_unified
0.000228096,600x600,scene_7,5,cuda_unified
0.000222208,600x600,scene_7,5,cuda_unified
0.000223104,600x600,scene_7,5,cuda_unified
0.000223392,600x600,scene_7,5,cuda_unified
0.00022416,600x600,scene_7,5,cuda_unified
0.133676,800x800,scene_7,5,sequential
0.137014,800x800,scene_7,5,sequential
0.135705,800x800,scene_7,5,sequential
0.129338,800x800,scene_7,5,sequential
0.135775,800x800,scene_7,5,sequential
0.136708,800x800,scene_7,5,sequential
0.136647,800x800,scene_7,5,sequential
0.131478,800x800,scene_7,5,sequential
0.133658,800x800,scene_7,5,sequential
0.130344,800x800,scene_7,5,sequential
0.00301443,800x800,scene_7,5,cuda_sync
0.00158707,800x800,scene_7,5,cuda_sync
0.00147606,800x800,scene_7,5,cuda_sync
0.00149571,800x800,scene_7,5,cuda_sync
0.00158413,800x800,scene_7,5,cuda_sync
0.00219261,800x800,scene_7,5,cuda_sync
0.00147533,800x800,scene_7,5,cuda_sync
0.00148416,800x800,scene_7,5,cuda_sync
0.00147296,800x800,scene_7,5,cuda_sync
0.00160141,800x800,scene_7,5,cuda_sync
0.0018577,800x800,scene_7,5,cuda_unified
0.000453632,800x800,scene_7,5,cuda_unified
0.000453632,800x800,scene_7,5,cuda_unified
0.00045792,800x800,scene_7,5,cuda_unified
0.00045872,800x800,scene_7,5,cuda_unified
0.00045056,800x800,scene_7,5,cuda_unified
0.000452608,800x800,scene_7,5,cuda_unified
0.00045056,800x800,scene_7,5,cuda_unified
0.000452544,800x800,scene_7,5,cuda_unified
0.000452512,800x800,scene_7,5,cuda_unified
0.216261,1000x1000,scene_7,5,sequential
0.219197,1000x1000,scene_7,5,sequential
0.217443,1000x1000,scene_7,5,sequential
0.221445,1000x1000,scene_7,5,sequential
0.221077,1000x1000,scene_7,5,sequential
0.221864,1000x1000,scene_7,5,sequential
0.220633,1000x1000,scene_7,5,sequential
0.213677,1000x1000,scene_7,5,sequential
0.219478,1000x1000,scene_7,5,sequential
0.215903,1000x1000,scene_7,5,sequential
0.00438499,1000x1000,scene_7,5,cuda_sync
0.00258931,1000x1000,scene_7,5,cuda_sync
0.00249878,1000x1000,scene_7,5,cuda_sync
0.00298902,1000x1000,scene_7,5,cuda_sync
0.0024169,1000x1000,scene_7,5,cuda_sync
0.00244819,1000x1000,scene_7,5,cuda_sync
0.00329219,1000x1000,scene_7,5,cuda_sync
0.00243686,1000x1000,scene_7,5,cuda_sync
0.00242294,1000x1000,scene_7,5,cuda_sync
0.00336458,1000x1000,scene_7,5,cuda_sync
0.00228656,1000x1000,scene_7,5,cuda_unified
0.000515072,1000x1000,scene_7,5,cuda_unified
0.000515936,1000x1000,scene_7,5,cuda_unified
0.000516096,1000x1000,scene_7,5,cuda_unified
0.000514336,1000x1000,scene_7,5,cuda_unified
0.000514208,1000x1000,scene_7,5,cuda_unified
0.000515072,1000x1000,scene_7,5,cuda_unified
0.000513824,1000x1000,scene_7,5,cuda_unified
0.000514048,1000x1000,scene_7,5,cuda_unified
0.000514048,1000x1000,scene_7,5,cuda_unified
0.550259,1600x1600,scene_7,5,sequential
0.540478,1600x1600,scene_7,5,sequential
0.543555,1600x1600,scene_7,5,sequential
0.532749,1600x1600,scene_7,5,sequential
0.537106,1600x1600,scene_7,5,sequential
0.534633,1600x1600,scene_7,5,sequential
0.535937,1600x1600,scene_7,5,sequential
0.5351,1600x1600,scene_7,5,sequential
0.535962,1600x1600,scene_7,5,sequential
0.535336,1600x1600,scene_7,5,sequential
0.0119284,1600x1600,scene_7,5,cuda_sync
0.00600243,1600x1600,scene_7,5,cuda_sync
0.00698787,1600x1600,scene_7,5,cuda_sync
0.00710272,1600x1600,scene_7,5,cuda_sync
0.00703507,1600x1600,scene_7,5,cuda_sync
0.00686941,1600x1600,scene_7,5,cuda_sync
0.00611811,1600x1600,scene_7,5,cuda_sync
0.00632438,1600x1600,scene_7,5,cuda_sync
0.00717866,1600x1600,scene_7,5,cuda_sync
0.00708266,1600x1600,scene_7,5,cuda_sync
0.00425354,1600x1600,scene_7,5,cuda_unified
0.00177459,1600x1600,scene_7,5,cuda_unified
0.00177357,1600x1600,scene_7,5,cuda_unified
0.00150221,1600x1600,scene_7,5,cuda_unified
0.00144256,1600x1600,scene_7,5,cuda_unified
0.00144262,1600x1600,scene_7,5,cuda_unified
0.00144202,1600x1600,scene_7,5,cuda_unified
0.00144179,1600x1600,scene_7,5,cuda_unified
0.00144282,1600x1600,scene_7,5,cuda_unified
0.0014417,1600x1600,scene_7,5,cuda_unified
2.19939,3200x3200,scene_7,5,sequential
2.17913,3200x3200,scene_7,5,sequential
2.20582,3200x3200,scene_7,5,sequential
2.16552,3200x3200,scene_7,5,sequential
2.17099,3200x3200,scene_7,5,sequential
2.16984,3200x3200,scene_7,5,sequential
2.17221,3200x3200,scene_7,5,sequential
2.16965,3200x3200,scene_7,5,sequential
2.21052,3200x3200,scene_7,5,sequential
2.15901,3200x3200,scene_7,5,sequential
0.0459271,3200x3200,scene_7,5,cuda_sync
0.0248786,3200x3200,scene_7,5,cuda_sync
0.0245832,3200x3200,scene_7,5,cuda_sync
0.0244842,3200x3200,scene_7,5,cuda_sync
0.0248164,3200x3200,scene_7,5,cuda_sync
0.0249405,3200x3200,scene_7,5,cuda_sync
0.024924,3200x3200,scene_7,5,cuda_sync
0.0251799,3200x3200,scene_7,5,cuda_sync
0.0249428,3200x3200,scene_7,5,cuda_sync
0.0250259,3200x3200,scene_7,5,cuda_sync
0.0099808,3200x3200,scene_7,5,cuda_unified
0.00469882,3200x3200,scene_7,5,cuda_unified
0.00468272,3200x3200,scene_7,5,cuda_unified
0.0046807,3200x3200,scene_7,5,cuda_unified
0.00467354,3200x3200,scene_7,5,cuda_unified
0.00467434,3200x3200,scene_7,5,cuda_unified
0.00467149,3200x3200,scene_7,5,cuda_unified
0.00467251,3200x3200,scene_7,5,cuda_unified
0.0046713,3200x3200,scene_7,5,cuda_unified
0.00467149,3200x3200,scene_7,5,cuda_unified
0.0366592,400x400,scene_8,5,sequential
0.035461,400x400,scene_8,5,sequential
0.0355956,400x400,scene_8,5,sequential
0.0357046,400x400,scene_8,5,sequential
0.0354251,400x400,scene_8,5,sequential
0.0356338,400x400,scene_8,5,sequential
0.0352519,400x400,scene_8,5,sequential
0.0355702,400x400,scene_8,5,sequential
0.0355822,400x400,scene_8,5,sequential
0.0355326,400x400,scene_8,5,sequential
0.000831424,400x400,scene_8,5,cuda_sync
0.000452448,400x400,scene_8,5,cuda_sync
0.000527712,400x400,scene_8,5,cuda_sync
0.000486464,400x400,scene_8,5,cuda_sync
0.000493728,400x400,scene_8,5,cuda_sync
0.000434912,400x400,scene_8,5,cuda_sync
0.000432992,400x400,scene_8,5,cuda_sync
0.00043936,400x400,scene_8,5,cuda_sync
0.000546848,400x400,scene_8,5,cuda_sync
0.000494432,400x400,scene_8,5,cuda_sync
0.000739296,400x400,scene_8,5,cuda_unified
0.000100384,400x400,scene_8,5,cuda_unified
9.84e-05,400x400,scene_8,5,cuda_unified
9.9296e-05,400x400,scene_8,5,cuda_unified
9.9328e-05,400x400,scene_8,5,cuda_unified
9.8464e-05,400x400,scene_8,5,cuda_unified
9.856e-05,400x400,scene_8,5,cuda_unified
9.9264e-05,400x400,scene_8,5,cuda_unified
9.9328e-05,400x400,scene_8,5,cuda_unified
9.9328e-05,400x400,scene_8,5,cuda_unified
0.0762294,600x600,scene_8,5,sequential
0.0769685,600x600,scene_8,5,sequential
0.0765644,600x600,scene_8,5,sequential
0.0758277,600x600,scene_8,5,sequential
0.0758426,600x600,scene_8,5,sequential
0.0762199,600x600,scene_8,5,sequential
0.0760179,600x600,scene_8,5,sequential
0.0762968,600x600,scene_8,5,sequential
0.0759738,600x600,scene_8,5,sequential
0.0757898,600x600,scene_8,5,sequential
0.00160422,600x600,scene_8,5,cuda_sync
0.0008976,600x600,scene_8,5,cuda_sync
0.000928256,600x600,scene_8,5,cuda_sync
0.000897504,600x600,scene_8,5,cuda_sync
0.000844224,600x600,scene_8,5,cuda_sync
0.000853728,600x600,scene_8,5,cuda_sync
0.000894528,600x600,scene_8,5,cuda_sync
0.00158819,600x600,scene_8,5,cuda_sync
0.00090064,600x600,scene_8,5,cuda_sync
0.000851008,600x600,scene_8,5,cuda_sync
0.0011008,600x600,scene_8,5,cuda_unified
0.000216064,600x600,scene_8,5,cuda_unified
0.000214016,600x600,scene_8,5,cuda_unified
0.000214944,600x600,scene_8,5,cuda_unified
0.000214016,600x600,scene_8,5,cuda_unified
0.000215008,600x600,scene_8,5,cuda_unified
0.000214016,600x600,scene_8,5,cuda_unified
0.000215872,600x600,scene_8,5,cuda_unified
0.000213216,600x600,scene_8,5,cuda_unified
0.000214016,600x600,scene_8,5,cuda_unified
0.136611,800x800,scene_8,5,sequential
0.135854,800x800,scene_8,5,sequential
0.134048,800x800,scene_8,5,sequential
0.134698,800x800,scene_8,5,sequential
0.134234,800x800,scene_8,5,sequential
0.134284,800x800,scene_8,5,sequential
0.138299,800x800,scene_8,5,sequential
0.134554,800x800,scene_8,5,sequential
0.134152,800x800,scene_8,5,sequential
0.135324,800x800,scene_8,5,sequential
0.00298237,800x800,scene_8,5,cuda_sync
0.00158147,800x800,scene_8,5,cuda_sync
0.00147638,800x800,scene_8,5,cuda_sync
0.00144397,800x800,scene_8,5,cuda_sync
0.00142867,800x800,scene_8,5,cuda_sync
0.00142854,800x800,scene_8,5,cuda_sync
0.00247734,800x800,scene_8,5,cuda_sync
0.00154915,800x800,scene_8,5,cuda_sync
0.00146931,800x800,scene_8,5,cuda_sync
0.00144272,800x800,scene_8,5,cuda_sync
0.00186166,800x800,scene_8,5,cuda_unified
0.000412672,800x800,scene_8,5,cuda_unified
0.000412672,800x800,scene_8,5,cuda_unified
0.000413696,800x800,scene_8,5,cuda_unified
0.000412672,800x800,scene_8,5,cuda_unified
0.00041248,800x800,scene_8,5,cuda_unified
0.00041264,800x800,scene_8,5,cuda_unified
0.000412704,800x800,scene_8,5,cuda_unified
0.000413696,800x800,scene_8,5,cuda_unified
0.00041472,800x800,scene_8,5,cuda_unified
0.215564,1000x1000,scene_8,5,sequential
0.215976,1000x1000,scene_8,5,sequential
0.205591,1000x1000,scene_8,5,sequential
0.20719,1000x1000,scene_8,5,sequential
0.206301,1000x1000,scene_8,5,sequential
0.210477,1000x1000,scene_8,5,sequential
0.209484,1000x1000,scene_8,5,sequential
0.207082,1000x1000,scene_8,5,sequential
0.206874,1000x1000,scene_8,5,sequential
0.209631,1000x1000,scene_8,5,sequential
0.00441318,1000x1000,scene_8,5,cuda_sync
0.00258186,1000x1000,scene_8,5,cuda_sync
0.00280822,1000x1000,scene_8,5,cuda_sync
0.00261414,1000x1000,scene_8,5,cuda_sync
0.00237296,1000x1000,scene_8,5,cuda_sync
0.00239139,1000x1000,scene_8,5,cuda_sync
0.00237494,1000x1000,scene_8,5,cuda_sync
0.00297664,1000x1000,scene_8,5,cuda_sync
0.00252112,1000x1000,scene_8,5,cuda_sync
0.00240442,1000x1000,scene_8,5,cuda_sync
0.00186077,1000x1000,scene_8,5,cuda_unified
0.000704512,1000x1000,scene_8,5,cuda_unified
0.000704512,1000x1000,scene_8,5,cuda_unified
0.000704352,1000x1000,scene_8,5,cuda_unified
0.000703488,1000x1000,scene_8,5,cuda_unified
0.00070656,1000x1000,scene_8,5,cuda_unified
0.00070656,1000x1000,scene_8,5,cuda_unified
0.00070544,1000x1000,scene_8,5,cuda_unified
0.000704512,1000x1000,scene_8,5,cuda_unified
0.000705376,1000x1000,scene_8,5,cuda_unified
0.569941,1600x1600,scene_8,5,sequential
0.559052,1600x1600,scene_8,5,sequential
0.561161,1600x1600,scene_8,5,sequential
0.56397,1600x1600,scene_8,5,sequential
0.564009,1600x1600,scene_8,5,sequential
0.563594,1600x1600,scene_8,5,sequential
0.56115,1600x1600,scene_8,5,sequential
0.548392,1600x1600,scene_8,5,sequential
0.557906,1600x1600,scene_8,5,sequential
0.561533,1600x1600,scene_8,5,sequential
0.0117062,1600x1600,scene_8,5,cuda_sync
0.00641795,1600x1600,scene_8,5,cuda_sync
0.0059104,1600x1600,scene_8,5,cuda_sync
0.00668723,1600x1600,scene_8,5,cuda_sync
0.00694029,1600x1600,scene_8,5,cuda_sync
0.00689366,1600x1600,scene_8,5,cuda_sync
0.00625341,1600x1600,scene_8,5,cuda_sync
0.0059769,1600x1600,scene_8,5,cuda_sync
0.00680179,1600x1600,scene_8,5,cuda_sync
0.00696054,1600x1600,scene_8,5,cuda_sync
0.00369152,1600x1600,scene_8,5,cuda_unified
0.00159334,1600x1600,scene_8,5,cuda_unified
0.00158925,1600x1600,scene_8,5,cuda_unified
0.00158925,1600x1600,scene_8,5,cuda_unified
0.00158925,1600x1600,scene_8,5,cuda_unified
0.0015913,1600x1600,scene_8,5,cuda_unified
0.0016016,1600x1600,scene_8,5,cuda_unified
0.00159949,1600x1600,scene_8,5,cuda_unified
0.00159354,1600x1600,scene_8,5,cuda_unified
0.00159846,1600x1600,scene_8,5,cuda_unified
2.20663,3200x3200,scene_8,5,sequential
2.16999,3200x3200,scene_8,5,sequential
2.16846,3200x3200,scene_8,5,sequential
2.16675,3200x3200,scene_8,5,sequential
2.18362,3200x3200,scene_8,5,sequential
2.16545,3200x3200,scene_8,5,sequential
2.16575,3200x3200,scene_8,5,sequential
2.18668,3200x3200,scene_8,5,sequential
2.20572,3200x3200,scene_8,5,sequential
2.20039,3200x3200,scene_8,5,sequential
0.0450293,3200x3200,scene_8,5,cuda_sync
0.0246923,3200x3200,scene_8,5,cuda_sync
0.0245784,3200x3200,scene_8,5,cuda_sync
0.0247624,3200x3200,scene_8,5,cuda_sync
0.0254624,3200x3200,scene_8,5,cuda_sync
0.0253238,3200x3200,scene_8,5,cuda_sync
0.0240604,3200x3200,scene_8,5,cuda_sync
0.0228339,3200x3200,scene_8,5,cuda_sync
0.0223082,3200x3200,scene_8,5,cuda_sync
0.0227881,3200x3200,scene_8,5,cuda_sync
0.0100904,3200x3200,scene_8,5,cuda_unified
0.00467763,3200x3200,scene_8,5,cuda_unified
0.00467866,3200x3200,scene_8,5,cuda_unified
0.00467862,3200x3200,scene_8,5,cuda_unified
0.00467363,3200x3200,scene_8,5,cuda_unified
0.0046743,3200x3200,scene_8,5,cuda_unified
0.00467354,3200x3200,scene_8,5,cuda_unified
0.00467453,3200x3200,scene_8,5,cuda_unified
0.00467155,3200x3200,scene_8,5,cuda_unified
0.00467059,3200x3200,scene_8,5,cuda_unified
0.0438714,400x400,scene_9,7,sequential
0.0393136,400x400,scene_9,7,sequential
0.0431502,400x400,scene_9,7,sequential
0.0398118,400x400,scene_9,7,sequential
0.0426672,400x400,scene_9,7,sequential
0.0401819,400x400,scene_9,7,sequential
0.042216,400x400,scene_9,7,sequential
0.0424172,400x400,scene_9,7,sequential
0.0401833,400x400,scene_9,7,sequential
0.0402832,400x400,scene_9,7,sequential
0.000860288,400x400,scene_9,7,cuda_sync
0.000444992,400x400,scene_9,7,cuda_sync
0.00049424,400x400,scene_9,7,cuda_sync
0.000514816,400x400,scene_9,7,cuda_sync
0.000531328,400x400,scene_9,7,cuda_sync
0.000459008,400x400,scene_9,7,cuda_sync
0.00045008,400x400,scene_9,7,cuda_sync
0.000611008,400x400,scene_9,7,cuda_sync
0.00110486,400x400,scene_9,7,cuda_sync
0.000478976,400x400,scene_9,7,cuda_sync
0.000802816,400x400,scene_9,7,cuda_unified
0.000100288,400x400,scene_9,7,cuda_unified
9.8304e-05,400x400,scene_9,7,cuda_unified
9.952e-05,400x400,scene_9,7,cuda_unified
9.9328e-05,400x400,scene_9,7,cuda_unified
0.000100128,400x400,scene_9,7,cuda_unified
9.9328e-05,400x400,scene_9,7,cuda_unified
9.9328e-05,400x400,scene_9,7,cuda_unified
9.952e-05,400x400,scene_9,7,cuda_unified
9.9328e-05,400x400,scene_9,7,cuda_unified
0.0875799,600x600,scene_9,7,sequential
0.0924484,600x600,scene_9,7,sequential
0.0916021,600x600,scene_9,7,sequential
0.0851993,600x600,scene_9,7,sequential
0.090996,600x600,scene_9,7,sequential
0.0914542,600x600,scene_9,7,sequential
0.0925389,600x600,scene_9,7,sequential
0.0901834,600x600,scene_9,7,sequential
0.0904002,600x600,scene_9,7,sequential
0.0909012,600x600,scene_9,7,sequential
0.00174336,600x600,scene_9,7,cuda_sync
0.000899808,600x600,scene_9,7,cuda_sync
0.000964704,600x600,scene_9,7,cuda_sync
0.00089008,600x600,scene_9,7,cuda_sync
0.000865152,600x600,scene_9,7,cuda_sync
0.00086112,600x600,scene_9,7,cuda_sync
0.000855072,600x600,scene_9,7,cuda_sync
0.000879808,600x600,scene_9,7,cuda_sync
0.00172054,600x600,scene_9,7,cuda_sync
0.000881824,600x600,scene_9,7,cuda_sync
0.00088064,600x600,scene_9,7,cuda_unified
0.000216064,600x600,scene_9,7,cuda_unified
0.000214016,600x600,scene_9,7,cuda_unified
0.00021504,600x600,scene_9,7,cuda_unified
0.000215104,600x600,scene_9,7,cuda_unified
0.00021504,600x600,scene_9,7,cuda_unified
0.000215104,600x600,scene_9,7,cuda_unified
0.00021504,600x600,scene_9,7,cuda_unified
0.00021504,600x600,scene_9,7,cuda_unified
0.00021504,600x600,scene_9,7,cuda_unified
0.161465,800x800,scene_9,7,sequential
0.167347,800x800,scene_9,7,sequential
0.161833,800x800,scene_9,7,sequential
0.162698,800x800,scene_9,7,sequential
0.160502,800x800,scene_9,7,sequential
0.160303,800x800,scene_9,7,sequential
0.161063,800x800,scene_9,7,sequential
0.159999,800x800,scene_9,7,sequential
0.159197,800x800,scene_9,7,sequential
0.160712,800x800,scene_9,7,sequential
0.0029217,800x800,scene_9,7,cuda_sync
0.00176566,800x800,scene_9,7,cuda_sync
0.00161053,800x800,scene_9,7,cuda_sync
0.0022888,800x800,scene_9,7,cuda_sync
0.00154448,800x800,scene_9,7,cuda_sync
0.00154288,800x800,scene_9,7,cuda_sync
0.00180106,800x800,scene_9,7,cuda_sync
0.00190634,800x800,scene_9,7,cuda_sync
0.00154634,800x800,scene_9,7,cuda_sync
0.0015497,800x800,scene_9,7,cuda_sync
0.00172851,800x800,scene_9,7,cuda_unified
0.0004528,800x800,scene_9,7,cuda_unified
0.000458816,800x800,scene_9,7,cuda_unified
0.0004608,800x800,scene_9,7,cuda_unified
0.000454848,800x800,scene_9,7,cuda_unified
0.000455552,800x800,scene_9,7,cuda_unified
0.000454656,800x800,scene_9,7,cuda_unified
0.000454432,800x800,scene_9,7,cuda_unified
0.000454624,800x800,scene_9,7,cuda_unified
0.000453632,800x800,scene_9,7,cuda_unified
0.25554,1000x1000,scene_9,7,sequential
0.258223,1000x1000,scene_9,7,sequential
0.256692,1000x1000,scene_9,7,sequential
0.255081,1000x1000,scene_9,7,sequential
0.255898,1000x1000,scene_9,7,sequential
0.255822,1000x1000,scene_9,7,sequential
0.256027,1000x1000,scene_9,7,sequential
0.255656,1000x1000,scene_9,7,sequential
0.255633,1000x1000,scene_9,7,sequential
0.255071,1000x1000,scene_9,7,sequential
0.00448445,1000x1000,scene_9,7,cuda_sync
0.00257734,1000x1000,scene_9,7,cuda_sync
0.00237123,1000x1000,scene_9,7,cuda_sync
0.00326982,1000x1000,scene_9,7,cuda_sync
0.00243386,1000x1000,scene_9,7,cuda_sync
0.00243542,1000x1000,scene_9,7,cuda_sync
0.00347578,1000x1000,scene_9,7,cuda_sync
0.00238442,1000x1000,scene_9,7,cuda_sync
0.00237862,1000x1000,scene_9,7,cuda_sync
0.00311542,1000x1000,scene_9,7,cuda_sync
0.00203981,1000x1000,scene_9,7,cuda_unified
0.000528384,1000x1000,scene_9,7,cuda_unified
0.000531456,1000x1000,scene_9,7,cuda_unified
0.000531456,1000x1000,scene_9,7,cuda_unified
0.000527392,1000x1000,scene_9,7,cuda_unified
0.00052624,1000x1000,scene_9,7,cuda_unified
0.00052736,1000x1000,scene_9,7,cuda_unified
0.000526336,1000x1000,scene_9,7,cuda_unified
0.000527616,1000x1000,scene_9,7,cuda_unified
0.00052736,1000x1000,scene_9,7,cuda_unified
0.672588,1600x1600,scene_9,7,sequential
0.674461,1600x1600,scene_9,7,sequential
0.666092,1600x1600,scene_9,7,sequential
0.667358,1600x1600,scene_9,7,sequential
0.667986,1600x1600,scene_9,7,sequential
0.668232,1600x1600,scene_9,7,sequential
0.659733,1600x1600,scene_9,7,sequential
0.666629,1600x1600,scene_9,7,sequential
0.672031,1600x1600,scene_9,7,sequential
0.673316,1600x1600,scene_9,7,sequential
0.0108574,1600x1600,scene_9,7,cuda_sync
0.00676198,1600x1600,scene_9,7,cuda_sync
0.00692288,1600x1600,scene_9,7,cuda_sync
0.00607744,1600x1600,scene_9,7,cuda_sync
0.00636394,1600x1600,scene_9,7,cuda_sync
0.00697904,1600x1600,scene_9,7,cuda_sync
0.0072375,1600x1600,scene_9,7,cuda_sync
0.00710173,1600x1600,scene_9,7,cuda_sync
0.00721776,1600x1600,scene_9,7,cuda_sync
0.00604083,1600x1600,scene_9,7,cuda_sync
0.00380826,1600x1600,scene_9,7,cuda_unified
0.00171312,1600x1600,scene_9,7,cuda_unified
0.00171213,1600x1600,scene_9,7,cuda_unified
0.00171088,1600x1600,scene_9,7,cuda_unified
0.00171005,1600x1600,scene_9,7,cuda_unified
0.0017367,1600x1600,scene_9,7,cuda_unified
0.00171827,1600x1600,scene_9,7,cuda_unified
0.00170906,1600x1600,scene_9,7,cuda_unified
0.00170906,1600x1600,scene_9,7,cuda_unified
0.0017089,1600x1600,scene_9,7,cuda_unified
2.69693,3200x3200,scene_9,7,sequential
2.72678,3200x3200,scene_9,7,sequential
2.69699,3200x3200,scene_9,7,sequential
2.68674,3200x3200,scene_9,7,sequential
2.68456,3200x3200,scene_9,7,sequential
2.69004,3200x3200,scene_9,7,sequential
2.7055,3200x3200,scene_9,7,sequential
2.6861,3200x3200,scene_9,7,sequential
2.68264,3200x3200,scene_9,7,sequential
2.72104,3200x3200,scene_9,7,sequential
0.044452,3200x3200,scene_9,7,cuda_sync
0.0247091,3200x3200,scene_9,7,cuda_sync
0.0247019,3200x3200,scene_9,7,cuda_sync
0.0247674,3200x3200,scene_9,7,cuda_sync
0.024962,3200x3200,scene_9,7,cuda_sync
0.0248261,3200x3200,scene_9,7,cuda_sync
0.0245632,3200x3200,scene_9,7,cuda_sync
0.024793,3200x3200,scene_9,7,cuda_sync
0.025185,3200x3200,scene_9,7,cuda_sync
0.0232132,3200x3200,scene_9,7,cuda_sync
0.00979046,3200x3200,scene_9,7,cuda_unified
0.00469536,3200x3200,scene_9,7,cuda_unified
0.00469184,3200x3200,scene_9,7,cuda_unified
0.0046889,3200x3200,scene_9,7,cuda_unified
0.00468275,3200x3200,scene_9,7,cuda_unified
0.00467971,3200x3200,scene_9,7,cuda_unified
0.00467763,3200x3200,scene_9,7,cuda_unified
0.0046784,3200x3200,scene_9,7,cuda_unified
0.00468176,3200x3200,scene_9,7,cuda_unified
0.00468202,3200x3200,scene_9,7,cuda_unified
